"Guid","CurrencyIsoCode","IsActive","Pricebook2Id","Product2Id","UnitPrice","UseStandardPrice"
00352985-ed0c-478c-80a3-e814ea73a48d,AUD,true,9e25419a-e37c-4320-8507-d2d31f10d504,7235c148-a4f3-4e7d-b385-0f5809b7f241,0.0,false
00c1d452-29da-437f-b1a8-ed0b5af5a914,EUR,true,9e25419a-e37c-4320-8507-d2d31f10d504,af8aec49-2e9a-4cdf-8efb-093fff14d741,4750.0,false
00dc952d-9aa6-4571-9d8b-9f1bd998eb6b,AUD,true,9e25419a-e37c-4320-8507-d2d31f10d504,7f36b614-4d59-4cd6-920e-f0403f9c4d66,1202.35,false
00e717d3-833c-4ab8-9ab0-bd0828fc634a,EUR,true,9e25419a-e37c-4320-8507-d2d31f10d504,7bb72fbf-6c76-4f1e-b265-ab488af9c2d3,151.05,false
010e0132-0c8c-48ee-b38f-43cc3c7232c1,GBP,true,9e25419a-e37c-4320-8507-d2d31f10d504,728d3c88-3855-4c86-96c3-18f841cf6708,2000.0,false
010ef1a9-0436-4e36-b9cb-dbdb0521fb1d,AUD,true,9e25419a-e37c-4320-8507-d2d31f10d504,a74e1e8b-71ab-40b5-8a76-e0349b0712e8,139.0,false
0196b21e-d699-4a3c-a791-d2f022ae55c1,GBP,true,9e25419a-e37c-4320-8507-d2d31f10d504,f002204c-611c-4cbc-8fdd-95993c7eab8e,440.0,false
02a7aeff-23f3-4bd8-80f5-549b6704da23,AUD,true,9e25419a-e37c-4320-8507-d2d31f10d504,b504e1f8-9d58-411c-8999-1d4c70a638b7,3127.5,false
02d64115-ec52-4a42-8efd-58cfe96a6454,USD,true,9e25419a-e37c-4320-8507-d2d31f10d504,b1194756-d6a1-465d-908e-30d97902de38,4000.0,false
03390750-f4ef-4d10-ac3d-ecc27cce7d7c,EUR,true,9e25419a-e37c-4320-8507-d2d31f10d504,586bc0d7-40da-4957-bc9f-e2f10ad34c5c,950.0,false
0422f9ac-c3e5-4dba-8675-8b5917a140bd,USD,true,9e25419a-e37c-4320-8507-d2d31f10d504,f59e20fb-b31d-4e27-bf1c-de510c9bf47c,100.0,false
046286bd-f820-4c06-8041-fb4512310c0b,EUR,true,9e25419a-e37c-4320-8507-d2d31f10d504,d84d71b5-19f7-4a24-8008-0372772f6af8,47.5,false
046e4455-5481-4748-bdb9-479bbea373dd,EUR,true,9e25419a-e37c-4320-8507-d2d31f10d504,cacb16ad-f1b3-4b57-a209-d38241ab00f3,0.0,false
0597af43-6de0-42ad-82a0-805ac719d1d7,USD,true,9e25419a-e37c-4320-8507-d2d31f10d504,432fb8e4-e17b-404c-8a8c-321e1a968a4c,12000.0,false
0630c785-0a2f-45a1-9261-dce71b242b22,USD,true,9e25419a-e37c-4320-8507-d2d31f10d504,1b84bff7-67f7-4583-9890-134810144cf1,525.0,false
067bce7a-5099-42a4-baac-7cd03517c09e,EUR,true,9e25419a-e37c-4320-8507-d2d31f10d504,617cdbdb-6ec0-4ce4-ae68-dcb0269226aa,1805.0,false
06bb60b7-0269-48b5-b54b-fd1a9e4ae370,GBP,true,9e25419a-e37c-4320-8507-d2d31f10d504,797ad713-7f35-4431-88cb-8abe402058e2,5600.0,false
06c05404-0d18-4209-8d35-85fb8d38da0f,EUR,true,9e25419a-e37c-4320-8507-d2d31f10d504,70d5e872-c19c-4be6-afd4-8807cd731e53,4750.0,false
071f0525-a0a6-4f52-a8fd-8d9660519d48,USD,true,9e25419a-e37c-4320-8507-d2d31f10d504,cfd88772-97f9-4b1a-a486-2606cd0c3b30,2600.0,false
080e055b-792b-4daa-8722-fb0233c2e362,AUD,true,9e25419a-e37c-4320-8507-d2d31f10d504,8b298ee8-15cb-44fa-b157-a91802c6649a,11.0505,false
08d885b5-21bf-46be-9b1d-7cd901a0acc0,USD,true,9e25419a-e37c-4320-8507-d2d31f10d504,0a536578-e1a8-447a-8e01-4773d319257a,1855.0,false
08fa5bc7-0c30-4411-985a-1614686dbb01,GBP,true,9e25419a-e37c-4320-8507-d2d31f10d504,c862d260-f72f-4fea-8f53-a2c9908cf78a,1920.0,false
0902932c-6f81-4c2e-9b83-aba2cb05fb4a,USD,true,9e25419a-e37c-4320-8507-d2d31f10d504,14c3a032-2a17-4fb5-bf6f-35afba74c178,15.0,false
090cec33-f37d-4499-a48d-ae0bbb8d8234,USD,true,9e25419a-e37c-4320-8507-d2d31f10d504,340d7f5b-42ae-44a8-8ee2-e0f1af2411cf,41.0,false
09d90b79-d22e-4a5a-b40c-7106c83c6129,AUD,true,9e25419a-e37c-4320-8507-d2d31f10d504,19c8c7c5-7773-4c36-b824-17028e4e227b,340.55,false
09db5693-4dbe-41ef-9918-2b74b86b360d,GBP,true,9e25419a-e37c-4320-8507-d2d31f10d504,8871abed-cf32-4621-8f28-c7519695fb2f,160.0,false
0a1d353f-c51b-4849-9f64-a542f3681773,USD,true,9e25419a-e37c-4320-8507-d2d31f10d504,009bc946-cea0-4aaf-aa98-299be283cdcb,2957.0,false
0a1e1a4e-a23d-4577-9366-ed51e06d5b39,USD,true,9e25419a-e37c-4320-8507-d2d31f10d504,3e64d2d5-a2e8-4412-bbab-64e24ef1e2d1,5000.0,false
0a25a8e8-7bba-4001-90a3-b22a5a1c8906,GBP,true,9e25419a-e37c-4320-8507-d2d31f10d504,7235c148-a4f3-4e7d-b385-0f5809b7f241,0.0,false
0a9ec92e-25fc-4f10-a7e2-95397e2ccef4,AUD,true,9e25419a-e37c-4320-8507-d2d31f10d504,617cdbdb-6ec0-4ce4-ae68-dcb0269226aa,2641.0,false
0ac39a9f-c733-4680-9035-0807058520a8,EUR,true,9e25419a-e37c-4320-8507-d2d31f10d504,0c7c1010-a3b9-4da1-b015-f86352101a85,237.5,false
0b94c3fb-b56e-4f9e-a396-e6fa326a127f,USD,true,9e25419a-e37c-4320-8507-d2d31f10d504,2e03b79a-2210-4257-89bc-8390345dc542,1.0,false
0c18e516-e39b-4df6-a4a1-a44f7c5aed25,EUR,true,9e25419a-e37c-4320-8507-d2d31f10d504,462b8c5f-b27e-4eab-966f-76ad463e251f,8.55,false
0c43baab-9870-43f5-b30b-eb78168e2d3a,USD,true,9e25419a-e37c-4320-8507-d2d31f10d504,b863a8f4-2af4-4713-89fe-e171ce6a9a95,2400.0,false
0c4726d2-f1a5-4aa6-9978-e20d0552034a,EUR,true,9e25419a-e37c-4320-8507-d2d31f10d504,83cadbc0-2df8-4f50-b051-518adc9ee839,237.5,false
0c76a90b-d9b8-4b10-bab0-f6f70b0074d8,EUR,true,9e25419a-e37c-4320-8507-d2d31f10d504,7e95e44a-4b7d-40e0-b175-d54cce71af6f,2519.4,false
0d1aca4e-1425-4fcb-8ae9-09735000f830,USD,true,9e25419a-e37c-4320-8507-d2d31f10d504,8dade82b-383f-4925-8414-2601290c5ff9,125.0,false
0da49b35-4ab2-4cc8-bb26-cc68c78072ea,GBP,true,9e25419a-e37c-4320-8507-d2d31f10d504,7e95e44a-4b7d-40e0-b175-d54cce71af6f,2121.6,false
0dbe1e48-cef3-428f-99f3-2b5f3679709e,USD,true,9e25419a-e37c-4320-8507-d2d31f10d504,f7b268fd-e330-4298-8f01-65674b454f21,25000.0,false
0dc24f67-9f83-4853-a693-06fa1157e4fd,USD,true,9e25419a-e37c-4320-8507-d2d31f10d504,d84d71b5-19f7-4a24-8008-0372772f6af8,50.0,false
0dcea3ee-ee5b-401f-936d-cfcf8f9d6a2d,AUD,true,9e25419a-e37c-4320-8507-d2d31f10d504,4404aac8-0d87-476b-a4b6-1a5a3eaa43de,0.0,false
0e1ebc6e-cc82-4ed4-8463-cb09a188f842,EUR,true,9e25419a-e37c-4320-8507-d2d31f10d504,e8fc0332-6303-4368-926e-86605ef037f0,161.5,false
0e37d0a6-72fa-4722-b24e-2030858a24e4,USD,true,9e25419a-e37c-4320-8507-d2d31f10d504,1035d421-d0aa-45f8-b65e-7991c5197af5,1473.0,false
0edec620-ab8f-4d23-a859-8c22a299776e,EUR,true,9e25419a-e37c-4320-8507-d2d31f10d504,3f698810-9057-478b-8e35-b24c9fc3374a,950.0,false
0f415758-c6c9-4efd-9c87-e54481e32c35,AUD,true,9e25419a-e37c-4320-8507-d2d31f10d504,e9755972-033d-4047-afb6-6ba477451567,554.61,false
0f79cb87-bf6c-4659-8377-b39ff1b8362a,AUD,true,9e25419a-e37c-4320-8507-d2d31f10d504,66973606-e9b9-4f41-bacd-48e4878af41f,0.0,false
0fece201-4571-415d-a0f6-b97d2028f31b,GBP,true,9e25419a-e37c-4320-8507-d2d31f10d504,c15a7152-c7f6-4c5f-946f-75ada0391fcf,897.6,false
115b7cd8-c9c1-46d1-8011-82558f70ff26,GBP,true,9e25419a-e37c-4320-8507-d2d31f10d504,a104a592-5778-4bb6-9fa3-04dfb953226c,200.0,false
11d8139c-c2f4-409e-816d-b5a5850a7009,GBP,true,9e25419a-e37c-4320-8507-d2d31f10d504,d1d61cf5-0aa6-42da-8ec4-9420ef80f611,120.0,false
11d90f0b-9f34-4a6f-97d0-57de19a264f1,AUD,true,9e25419a-e37c-4320-8507-d2d31f10d504,c1fab896-893c-4bf6-a487-9b5c0e4c66ac,20850.0,false
12240d17-b290-4572-b568-23277b76fc31,GBP,true,9e25419a-e37c-4320-8507-d2d31f10d504,dca7fde9-8b84-4fbb-b759-e32e06ac1f45,0.0,false
123a80b0-55ff-4513-992e-c2f3ae16a48a,AUD,true,9e25419a-e37c-4320-8507-d2d31f10d504,9adf05af-f9b1-4f4f-b58e-fc02b4acf4f2,13.9,false
126c31a9-ab5d-45ab-926c-f84b082f8689,AUD,true,9e25419a-e37c-4320-8507-d2d31f10d504,fc05e7cd-1dd3-44ac-a67f-86718e14e77d,1069.605,false
12c39632-c883-44b5-a119-f681ab7e1600,EUR,true,9e25419a-e37c-4320-8507-d2d31f10d504,1e654a9e-9e39-4e0c-84d9-6f270841b9fb,284.05,false
136cb330-e61f-4ea9-8b0d-f2d937126b3f,EUR,true,9e25419a-e37c-4320-8507-d2d31f10d504,c09be5db-82f2-482d-ba5f-98b6d754e3a8,95.0,false
137f0378-90ed-4e1c-bf20-c28f9fa25876,GBP,true,9e25419a-e37c-4320-8507-d2d31f10d504,d7bc575e-eba6-4927-af69-307b6950f943,20.0,false
1427f5f7-28c7-4bc4-87e2-c86753244504,EUR,true,9e25419a-e37c-4320-8507-d2d31f10d504,50adc125-1d8e-4947-9e9e-485210c5af7e,0.0,false
146ce818-885e-4321-9863-5d1f2c3fdecf,GBP,true,9e25419a-e37c-4320-8507-d2d31f10d504,462b8c5f-b27e-4eab-966f-76ad463e251f,7.2,false
149cc4a6-4bf6-46db-bbfc-6eedacaac3fc,GBP,true,9e25419a-e37c-4320-8507-d2d31f10d504,aba91f80-c2aa-4f0c-9151-f39d57807826,202.4,false
15691b02-e2b2-48c6-a155-1788196ab481,GBP,true,9e25419a-e37c-4320-8507-d2d31f10d504,74e38ee9-8904-4ea9-9ae3-a82e2b59d653,80.0,false
15872ab1-4df1-4721-98e0-886328cd5598,USD,true,9e25419a-e37c-4320-8507-d2d31f10d504,c862d260-f72f-4fea-8f53-a2c9908cf78a,2400.0,false
15ac30f0-11e9-4f6e-84b1-c3836cd3ef4b,USD,true,9e25419a-e37c-4320-8507-d2d31f10d504,73e51c84-8158-44bc-a7b2-0eb1255dabb8,8500.0,false
15c7cf97-d059-40bf-9f45-3547393e48a0,AUD,true,9e25419a-e37c-4320-8507-d2d31f10d504,8a163235-4335-43af-9fb9-48ecdb69ee66,695.0,false
15ce4393-79d9-4e59-9b57-000973abc386,AUD,true,9e25419a-e37c-4320-8507-d2d31f10d504,50e615d5-cc25-47cb-8af0-5dd8d954dffe,27800.0,false
1645723b-4f55-4ab7-b26f-9face3f2272b,EUR,true,9e25419a-e37c-4320-8507-d2d31f10d504,cc1ebaa0-2d5b-4af0-b6d4-28d7275300d2,1399.35,false
1656e813-3990-49a2-9e3c-7abecb50e190,EUR,true,9e25419a-e37c-4320-8507-d2d31f10d504,fe9a0e8b-b44f-4b05-b5b8-9d718d39b32d,95.0,false
17e4bc47-59f2-40de-a13d-f8ffca715ad7,EUR,true,9e25419a-e37c-4320-8507-d2d31f10d504,6cf224a1-eae0-453f-9773-b11bb406b094,423.7,false
180c5daa-0b6a-4284-ace3-7de23aa46af5,GBP,true,9e25419a-e37c-4320-8507-d2d31f10d504,50adc125-1d8e-4947-9e9e-485210c5af7e,0.0,false
188f8082-3c00-4fe8-be22-766b8a6a07ea,USD,true,9e25419a-e37c-4320-8507-d2d31f10d504,f6cd576b-77c5-4404-ab53-17caa771da15,5000.0,false
1906542d-d222-47b7-8e8f-69f825a6e534,GBP,true,9e25419a-e37c-4320-8507-d2d31f10d504,9be80914-2067-4019-9e28-3375f9b45d92,8000.0,false
199e1e5f-fd27-425b-af4f-33ce6b9a3a07,AUD,true,9e25419a-e37c-4320-8507-d2d31f10d504,a872974e-d1d5-4801-98c8-f958f4908d9f,40.31,false
19bcfe03-7192-411e-abeb-a89410313d07,AUD,true,9e25419a-e37c-4320-8507-d2d31f10d504,ab178f45-6b11-4d15-9f73-fb14d656b8f8,69.5,false
19ea6b9b-2ec6-4e0d-91e9-e461de7bc77b,EUR,true,9e25419a-e37c-4320-8507-d2d31f10d504,728d3c88-3855-4c86-96c3-18f841cf6708,2375.0,false
1a59ad77-c1b8-4473-84fc-82e090733f9e,USD,true,9e25419a-e37c-4320-8507-d2d31f10d504,0f8f7ee3-359d-41ab-a6fc-442944084978,446.0,false
1b55a34a-0085-48b7-b9aa-1c74dad0f107,AUD,true,9e25419a-e37c-4320-8507-d2d31f10d504,1035d421-d0aa-45f8-b65e-7991c5197af5,2047.47,false
1bd75faa-82ce-4602-ac5f-1bf51ac91880,GBP,true,9e25419a-e37c-4320-8507-d2d31f10d504,9be029d6-14d0-4120-917f-cbf91375b829,160.0,false
1ccebb80-146c-4c55-87ae-3990acc296fa,GBP,true,9e25419a-e37c-4320-8507-d2d31f10d504,c078e8cd-75a0-4f52-9b42-f1a9a6312b36,1600.0,false
1d26f106-564d-4a6f-be3f-16a47ab046c3,AUD,true,9e25419a-e37c-4320-8507-d2d31f10d504,6012d6a3-1ce1-41a7-b7fc-d3207eb5aae1,278.0,false
1ddefebc-804e-40b1-9fa0-4d4188483b8b,GBP,true,9e25419a-e37c-4320-8507-d2d31f10d504,1e654a9e-9e39-4e0c-84d9-6f270841b9fb,239.2,false
1e3d1580-f412-4c56-99d7-9c0ebd185bf6,USD,true,9e25419a-e37c-4320-8507-d2d31f10d504,41c70dde-1cdf-4b7d-b8e0-75f5dfb108a5,1122.0,false
1e5498dd-ce59-400a-bd31-02dd05ee95e5,EUR,true,9e25419a-e37c-4320-8507-d2d31f10d504,7dd4e8b3-3b2e-489c-a31b-669aef971c7f,252.7,false
1e76bbb8-b602-4327-aeb5-b073726e2b58,EUR,true,9e25419a-e37c-4320-8507-d2d31f10d504,2caf72d3-d00c-484a-aa56-cfc18f48e6e4,5337.7935,false
1fdd7256-d689-4c7e-8510-068ab1ba11ed,AUD,true,9e25419a-e37c-4320-8507-d2d31f10d504,1b0b6b7f-5357-4c12-8868-863d2bf11b14,2780.0,false
206bb2e7-6f75-4292-9c2e-3cf9694ed3c3,EUR,true,9e25419a-e37c-4320-8507-d2d31f10d504,8871abed-cf32-4621-8f28-c7519695fb2f,190.0,false
208bab79-c2f8-44a4-8131-8109f325d1bf,EUR,true,9e25419a-e37c-4320-8507-d2d31f10d504,04f976eb-9a78-4af7-bb37-5a97f896f9f8,498.75,false
20b95c21-2fb6-4968-87a6-34591aa2ef3e,GBP,true,9e25419a-e37c-4320-8507-d2d31f10d504,472455fc-798a-4794-bc42-8ff6d1696613,384.0,false
20f1e8e9-901b-4e6f-9ed4-d82792ad4544,EUR,true,9e25419a-e37c-4320-8507-d2d31f10d504,797ad713-7f35-4431-88cb-8abe402058e2,6650.0,false
217ff2ab-3d63-4787-8d3c-9e59029b143d,EUR,true,9e25419a-e37c-4320-8507-d2d31f10d504,d1373833-18ed-4e87-9366-d22b01eada55,0.0,false
21a62560-f710-4a89-8471-ab4f56d7c7a9,EUR,true,9e25419a-e37c-4320-8507-d2d31f10d504,aa6ae394-bc3c-433c-82c6-6e42a5cb220d,95.0,false
21a77928-0750-48d3-8a0d-08dfb739feec,AUD,true,9e25419a-e37c-4320-8507-d2d31f10d504,d1373833-18ed-4e87-9366-d22b01eada55,0.0,false
21abb6d6-4ae0-4b3e-b6df-5d0ffba9b65e,EUR,true,9e25419a-e37c-4320-8507-d2d31f10d504,a872974e-d1d5-4801-98c8-f958f4908d9f,27.55,false
227ef821-d7c8-4447-9195-f377115e8eb2,EUR,true,9e25419a-e37c-4320-8507-d2d31f10d504,f8d4ec82-314d-44d1-90be-8baf47ad5425,95.0,false
22ca88cb-e603-42d6-b74f-baf0fdc87165,USD,true,9e25419a-e37c-4320-8507-d2d31f10d504,bd6a9fcf-e04f-4e36-9108-48e27c2475f0,2000.0,false
233a420e-551f-4622-8e79-99cfc00fccf4,USD,true,9e25419a-e37c-4320-8507-d2d31f10d504,8ad5e0cb-d181-4e1e-a404-c8ce827c7a2f,0.0,false
235a6be5-8fe3-47d3-a3b7-44eeaf780870,GBP,true,9e25419a-e37c-4320-8507-d2d31f10d504,c2e0c529-b2e7-45f9-9e39-521b4a5a2f15,160.0,false
2372620f-1eec-4cd8-a28f-6b4be385791e,USD,true,9e25419a-e37c-4320-8507-d2d31f10d504,8b298ee8-15cb-44fa-b157-a91802c6649a,7.95,false
23e31ea3-92b9-43fd-aeb8-66ea5a012767,USD,true,9e25419a-e37c-4320-8507-d2d31f10d504,a760c6a7-9226-4ada-a75b-48f58e8b258e,1533.0,false
248063ad-7d0f-4125-a51a-fc5b5e1c164f,GBP,true,9e25419a-e37c-4320-8507-d2d31f10d504,6cf224a1-eae0-453f-9773-b11bb406b094,356.8,false
24fa99e9-ccf4-408d-b398-2d8939f58f57,EUR,true,9e25419a-e37c-4320-8507-d2d31f10d504,fde8939d-27dc-473b-8300-9b78a7b13d15,7600.0,false
24fad144-8fd0-484d-ba28-fe30e32c620a,EUR,true,9e25419a-e37c-4320-8507-d2d31f10d504,f6cd576b-77c5-4404-ab53-17caa771da15,4750.0,false
250cbbb4-513a-408a-b002-5ce34e6898e3,AUD,true,9e25419a-e37c-4320-8507-d2d31f10d504,126e4393-c268-44ac-96e6-8f046ca86225,2502.0,false
255187be-efd8-4a9c-8776-48c19777a029,AUD,true,9e25419a-e37c-4320-8507-d2d31f10d504,0f8f7ee3-359d-41ab-a6fc-442944084978,619.94,false
258b19f6-d3c2-47ad-8341-3d53caffb37b,USD,true,9e25419a-e37c-4320-8507-d2d31f10d504,8871abed-cf32-4621-8f28-c7519695fb2f,200.0,false
262f928b-d1ee-45db-af48-5eb231213eb7,EUR,true,9e25419a-e37c-4320-8507-d2d31f10d504,01508c7e-3014-4b30-9852-b67273c3c9cb,213.75,false
265c7e42-54f4-430d-9488-693a9bfa5e63,GBP,true,9e25419a-e37c-4320-8507-d2d31f10d504,b1194756-d6a1-465d-908e-30d97902de38,3200.0,false
2695b2e9-7b0b-4df6-955f-324b12aa0bd3,USD,true,9e25419a-e37c-4320-8507-d2d31f10d504,9be80914-2067-4019-9e28-3375f9b45d92,10000.0,false
2761b0a6-cc77-4c82-a3c4-acd2aada5370,EUR,true,9e25419a-e37c-4320-8507-d2d31f10d504,7f36b614-4d59-4cd6-920e-f0403f9c4d66,821.75,false
28464f03-b8ed-4661-8b4b-feda914f152f,EUR,true,9e25419a-e37c-4320-8507-d2d31f10d504,c2e0c529-b2e7-45f9-9e39-521b4a5a2f15,190.0,false
28efda13-244b-4842-9684-620e759a35a6,AUD,true,9e25419a-e37c-4320-8507-d2d31f10d504,88b634df-f1af-4105-b747-f3e5196e1edb,13900.0,false
28ff3d04-b011-48cf-8b23-0bfbe0983c35,AUD,true,9e25419a-e37c-4320-8507-d2d31f10d504,7bb72fbf-6c76-4f1e-b265-ab488af9c2d3,221.01,false
29131d4d-a1ef-4b7d-b361-9667ab56b63d,AUD,true,9e25419a-e37c-4320-8507-d2d31f10d504,c078e8cd-75a0-4f52-9b42-f1a9a6312b36,2780.0,false
299be091-0d97-4806-9cb4-1275144911f9,EUR,true,9e25419a-e37c-4320-8507-d2d31f10d504,f002204c-611c-4cbc-8fdd-95993c7eab8e,522.5,false
29e5ed13-e814-4191-9541-f53c187c1d86,AUD,true,9e25419a-e37c-4320-8507-d2d31f10d504,29b4b0d0-12ef-4697-b0c4-fec35e105388,0.0,false
29f1ce98-1d5d-4330-9199-c42b9acd48f7,GBP,true,9e25419a-e37c-4320-8507-d2d31f10d504,41c70dde-1cdf-4b7d-b8e0-75f5dfb108a5,897.6,false
2a95217d-0f9c-459a-a291-40eccc2fe302,AUD,true,9e25419a-e37c-4320-8507-d2d31f10d504,50adc125-1d8e-4947-9e9e-485210c5af7e,0.0,false
2adea7e4-710c-4387-9120-9d532a4e5c3a,AUD,true,9e25419a-e37c-4320-8507-d2d31f10d504,14882bbe-8db4-44ac-a94a-9285d8f1beb5,417.0,false
2bde0677-94f8-4d93-bacb-294115a274ee,EUR,true,9e25419a-e37c-4320-8507-d2d31f10d504,134190ab-33f1-4eec-b593-9c8e4e547f86,2850.0,false
2c99715e-439e-4408-ad76-1b8fe1a13067,USD,true,9e25419a-e37c-4320-8507-d2d31f10d504,df35b8ef-207a-4a9d-bf27-efe0611bf818,2400.0,false
2ca07ac1-32f9-4809-9c4c-aff265bda549,EUR,true,9e25419a-e37c-4320-8507-d2d31f10d504,f59e20fb-b31d-4e27-bf1c-de510c9bf47c,95.0,false
2cb18bf2-65e7-4d44-8a1c-3b035bfc044f,USD,true,9e25419a-e37c-4320-8507-d2d31f10d504,f002204c-611c-4cbc-8fdd-95993c7eab8e,550.0,false
2cd5c662-1f5f-442e-9da2-d1a890885423,USD,true,9e25419a-e37c-4320-8507-d2d31f10d504,586bc0d7-40da-4957-bc9f-e2f10ad34c5c,1000.0,false
2d409816-e3a1-4263-ab27-0a73caa56835,AUD,true,9e25419a-e37c-4320-8507-d2d31f10d504,3623b53e-7881-4437-b335-1dde970550df,2780.0,false
2de66c41-1786-4ca8-adea-610893c45661,USD,true,9e25419a-e37c-4320-8507-d2d31f10d504,ab178f45-6b11-4d15-9f73-fb14d656b8f8,50.0,false
2dfaca64-b45e-47d0-b4cf-21e974b8f071,EUR,true,9e25419a-e37c-4320-8507-d2d31f10d504,120fe777-5349-4012-8ac3-974e3c8eee57,23.75,false
2e89f628-7632-43d2-b2a2-c5438fac803d,AUD,true,9e25419a-e37c-4320-8507-d2d31f10d504,cc1ebaa0-2d5b-4af0-b6d4-28d7275300d2,2047.47,false
2e9a3009-b54c-4bdc-8e89-4064bd0e1755,AUD,true,9e25419a-e37c-4320-8507-d2d31f10d504,d177460d-c4ad-494f-90d3-78c9369556a8,1.7375,false
2ea5871a-1d75-4e5b-baaf-9bb8ce249164,USD,true,9e25419a-e37c-4320-8507-d2d31f10d504,f8046556-8ae6-46ca-9cd8-a6f641816524,24000.0,false
302a431f-3efc-417a-b420-3f849d05ff49,USD,true,9e25419a-e37c-4320-8507-d2d31f10d504,46c49090-b198-4a4d-9877-76e374bf1cd3,174.0,false
30644fe8-f4fa-4381-b7a7-8e88ef9ad9f9,EUR,true,9e25419a-e37c-4320-8507-d2d31f10d504,d54b1f13-d7b6-4904-beec-1d5f30796ca5,11400.0,false
309bcd94-5d70-43f4-bfe5-71c24778e98b,AUD,true,9e25419a-e37c-4320-8507-d2d31f10d504,dca7fde9-8b84-4fbb-b759-e32e06ac1f45,0.0,false
30c58a90-8569-4755-8461-aefa489915c7,USD,true,9e25419a-e37c-4320-8507-d2d31f10d504,15bdf9c7-5f0d-4951-9f4c-7526f5bb14d0,8000.0,false
310bbfc6-5c28-452c-bc80-620e5a9f41fa,EUR,true,9e25419a-e37c-4320-8507-d2d31f10d504,7235c148-a4f3-4e7d-b385-0f5809b7f241,0.0,false
31bd0ff3-33ef-4e7f-a1e7-1eabf1fb9fc8,USD,true,9e25419a-e37c-4320-8507-d2d31f10d504,6f7850b8-33de-4402-8c55-165f1b447820,14000.0,false
31e13bb3-7232-4e8a-be1a-e5f62dbb72d3,GBP,true,9e25419a-e37c-4320-8507-d2d31f10d504,fc05e7cd-1dd3-44ac-a67f-86718e14e77d,615.6,false
32210e81-804c-41af-9d03-758774da6657,AUD,true,9e25419a-e37c-4320-8507-d2d31f10d504,44d268b2-2506-4b82-bf0e-48e2a5121d9c,139.0,false
3286e664-3b9d-424d-bde6-709c086c495c,GBP,true,9e25419a-e37c-4320-8507-d2d31f10d504,af2d9b54-fb22-41fe-a86c-44ac1460832d,10.4,false
32a9ea65-cee0-4f1c-badc-2108b742b17d,GBP,true,9e25419a-e37c-4320-8507-d2d31f10d504,fa74b738-a5c1-4aa5-8142-4e8eb2ca4c12,4400.0,false
334200fa-c37b-46b1-9388-594226460b67,GBP,true,9e25419a-e37c-4320-8507-d2d31f10d504,50e615d5-cc25-47cb-8af0-5dd8d954dffe,16000.0,false
345b280a-8b38-4df6-9636-32a440d1fe92,EUR,true,9e25419a-e37c-4320-8507-d2d31f10d504,aba91f80-c2aa-4f0c-9151-f39d57807826,240.35,false
34a828c3-ebd1-4822-aa78-ee639eef23ad,EUR,true,9e25419a-e37c-4320-8507-d2d31f10d504,7d9b4d6f-83fb-48bf-a04d-5731b7844f1a,498.75,false
35cab270-9f7c-4e9d-864d-f717fb69b3e5,AUD,true,9e25419a-e37c-4320-8507-d2d31f10d504,45428b99-1e27-4bbc-b90c-3febcf7472e6,27800.0,false
36419e1d-6ad0-4c41-ba86-df3b5f6ef99c,AUD,true,9e25419a-e37c-4320-8507-d2d31f10d504,462b8c5f-b27e-4eab-966f-76ad463e251f,12.51,false
365eacb8-f566-459c-9b4d-f1838e4e1ad9,USD,true,9e25419a-e37c-4320-8507-d2d31f10d504,eddbc801-1ba3-4a76-9457-37a8b5aa366b,80.0,false
36a8b7fd-3fb5-405b-84a2-513f96f4cdc6,USD,true,9e25419a-e37c-4320-8507-d2d31f10d504,61ad1bd6-9e79-4174-b9ad-e3b03c5c3044,865.0,false
36dd4f3d-a59e-4019-aeaf-0077db2bc231,USD,true,9e25419a-e37c-4320-8507-d2d31f10d504,3623b53e-7881-4437-b335-1dde970550df,2000.0,false
3789602f-bc38-4766-b725-ec46d52059f6,GBP,true,9e25419a-e37c-4320-8507-d2d31f10d504,8ad5e0cb-d181-4e1e-a404-c8ce827c7a2f,0.0,false
37a1ff57-5296-424a-a51b-4e15b0d0548f,AUD,true,9e25419a-e37c-4320-8507-d2d31f10d504,b863a8f4-2af4-4713-89fe-e171ce6a9a95,3336.0,false
37c43f9f-0844-451e-befa-880209279da0,EUR,true,9e25419a-e37c-4320-8507-d2d31f10d504,f8046556-8ae6-46ca-9cd8-a6f641816524,22800.0,false
388ea4f6-efaa-4b9e-a01f-4fbbc5a2c034,USD,true,9e25419a-e37c-4320-8507-d2d31f10d504,7dd4e8b3-3b2e-489c-a31b-669aef971c7f,266.0,false
38a43f11-b85c-4165-9999-9829c631fa19,AUD,true,9e25419a-e37c-4320-8507-d2d31f10d504,af817a0f-607f-45dc-8efe-6a0f742e8f1e,416.9861,false
38c9684e-e833-4aa7-ae56-4f673f3913e8,AUD,true,9e25419a-e37c-4320-8507-d2d31f10d504,6f7850b8-33de-4402-8c55-165f1b447820,19460.0,false
38e9188a-3a77-4914-a343-06c815814fff,GBP,true,9e25419a-e37c-4320-8507-d2d31f10d504,d7a875f1-1bda-4334-bfcc-dc3a4f33d342,533.192,false
39378ec3-6932-4585-b4f6-3fb4725a0f5f,USD,true,9e25419a-e37c-4320-8507-d2d31f10d504,134190ab-33f1-4eec-b593-9c8e4e547f86,3000.0,false
3943c997-227f-4b46-9776-5abd78e096e4,USD,true,9e25419a-e37c-4320-8507-d2d31f10d504,38db2d02-9149-4f7e-946f-c3e0ef1a756d,253.0,false
3aa40587-c6b0-4bb1-9880-affcc29c254d,USD,true,9e25419a-e37c-4320-8507-d2d31f10d504,660f2037-8734-4cda-b939-905e194c2192,100.0,false
3b22757a-9128-44d2-aa16-3b32fef1148b,AUD,true,9e25419a-e37c-4320-8507-d2d31f10d504,15bdf9c7-5f0d-4951-9f4c-7526f5bb14d0,11120.0,false
3b24851e-a890-45e6-985b-db0098ce0145,USD,true,9e25419a-e37c-4320-8507-d2d31f10d504,7d9b4d6f-83fb-48bf-a04d-5731b7844f1a,525.0,false
3baf5547-c4f5-400d-9840-ae6ebf858088,GBP,true,9e25419a-e37c-4320-8507-d2d31f10d504,5fb5a3e4-3f4d-484d-abf3-1eb0a5b313a1,319.2,false
3c464890-9740-4647-87ca-397e3734c596,EUR,true,9e25419a-e37c-4320-8507-d2d31f10d504,3623b53e-7881-4437-b335-1dde970550df,1900.0,false
3c50c811-7d71-44b7-bded-13972896a893,AUD,true,9e25419a-e37c-4320-8507-d2d31f10d504,c09be5db-82f2-482d-ba5f-98b6d754e3a8,139.0,false
3d455040-ac65-4031-b9e4-ea08e0065b88,EUR,true,9e25419a-e37c-4320-8507-d2d31f10d504,09ff37cf-3a26-4207-b3da-87724a050222,95.0,false
3d6f62fe-6f4e-4ebc-a3e5-43c92867defa,GBP,true,9e25419a-e37c-4320-8507-d2d31f10d504,ab178f45-6b11-4d15-9f73-fb14d656b8f8,40.0,false
3d97c1c6-e162-4182-a0ef-21eb42546b42,EUR,true,9e25419a-e37c-4320-8507-d2d31f10d504,dca7fde9-8b84-4fbb-b759-e32e06ac1f45,0.0,false
3df9041e-b07a-404d-941b-dae3d1f21ebd,AUD,true,9e25419a-e37c-4320-8507-d2d31f10d504,b1194756-d6a1-465d-908e-30d97902de38,5560.0,false
3e464ad6-8333-47e4-9d9b-a05791307752,USD,true,9e25419a-e37c-4320-8507-d2d31f10d504,50f56e08-edd9-4c03-8a53-05eccd5300bc,550.0,false
3e556576-49e4-4773-a569-2cc08d129039,USD,true,9e25419a-e37c-4320-8507-d2d31f10d504,9d3dab64-174d-4302-9aa3-aadcfe342931,225.0,false
3edcb1ec-f0a1-4bba-bd6e-c34c776bce1b,AUD,true,9e25419a-e37c-4320-8507-d2d31f10d504,5fb5a3e4-3f4d-484d-abf3-1eb0a5b313a1,554.61,false
3edceab6-91ac-40d0-97e4-3e4740c7602a,GBP,true,9e25419a-e37c-4320-8507-d2d31f10d504,eddbc801-1ba3-4a76-9457-37a8b5aa366b,64.0,false
3ee19038-bfaf-4596-bdc9-2b9e27592108,AUD,true,9e25419a-e37c-4320-8507-d2d31f10d504,f39154d3-260b-48b3-b562-61a24d5eeb9d,423.95,false
3ef36043-2891-482c-a745-48d61cecfabb,GBP,true,9e25419a-e37c-4320-8507-d2d31f10d504,1b84bff7-67f7-4583-9890-134810144cf1,420.0,false
3f202174-1833-405b-b6a5-f770849e6893,USD,true,9e25419a-e37c-4320-8507-d2d31f10d504,8a4023eb-733b-4e5f-acdf-60b9469a768e,250.0,false
3f3fe759-d271-49f3-9952-82175031cd67,EUR,true,9e25419a-e37c-4320-8507-d2d31f10d504,3e64d2d5-a2e8-4412-bbab-64e24ef1e2d1,4750.0,false
3f7850af-444f-43e6-b1cc-960f91fb3037,USD,true,9e25419a-e37c-4320-8507-d2d31f10d504,ba36e4a7-4dce-4d18-ba36-69f8069bed3f,510.0,false
3fc5118d-6a11-4658-9a65-739d7085b161,GBP,true,9e25419a-e37c-4320-8507-d2d31f10d504,80f0e5b4-4ed9-4f50-8c53-97fe1e532b3b,4000.0,false
3fe02d7a-ac42-4dff-b9e3-a36031748756,AUD,true,9e25419a-e37c-4320-8507-d2d31f10d504,df35b8ef-207a-4a9d-bf27-efe0611bf818,3336.0,false
40a63152-59a6-4f24-a52a-a1329eb8901b,AUD,true,9e25419a-e37c-4320-8507-d2d31f10d504,cfcfe534-c704-4839-9e56-ebe6c94b966c,4029.61,false
40bd2eac-9842-4d17-9e4d-ca63bc9f9a61,AUD,true,9e25419a-e37c-4320-8507-d2d31f10d504,2e03b79a-2210-4257-89bc-8390345dc542,1.39,false
417f25f7-aff3-4fb7-96a9-254839ec6f9a,USD,true,9e25419a-e37c-4320-8507-d2d31f10d504,2b140127-961b-4d6c-80ee-02443bbcca15,15000.0,false
42273fec-d681-45e2-9ff1-0b1621026965,GBP,true,9e25419a-e37c-4320-8507-d2d31f10d504,8a163235-4335-43af-9fb9-48ecdb69ee66,400.0,false
42cc84e5-48d0-484f-bcaa-0fd6af6212cb,USD,true,9e25419a-e37c-4320-8507-d2d31f10d504,7c2c2842-78c5-4562-9c4e-4c422d31546b,0.0,false
42da803c-a869-437d-80f2-20ea9725d270,EUR,true,9e25419a-e37c-4320-8507-d2d31f10d504,c15a7152-c7f6-4c5f-946f-75ada0391fcf,1065.9,false
431e3482-f54e-46ec-a3c1-df71ff4160f8,EUR,true,9e25419a-e37c-4320-8507-d2d31f10d504,37e7db78-8aac-406d-abb4-556ffd761045,237.5,false
435aa112-3b31-49f2-8e1e-8cd56be722af,EUR,true,9e25419a-e37c-4320-8507-d2d31f10d504,98063f39-08d6-4781-80b7-1edc15a977ce,1900.0,false
4399cb91-0243-4ead-9dea-9900e29beb31,AUD,true,9e25419a-e37c-4320-8507-d2d31f10d504,98063f39-08d6-4781-80b7-1edc15a977ce,2780.0,false
440c4e7d-157e-4c44-be11-543835d13fa3,USD,true,9e25419a-e37c-4320-8507-d2d31f10d504,9c7c3729-4c4e-4c0a-a1ed-5c4a6eaaf85f,810.0,false
447d2c5b-8cf0-454a-af77-b6bdf07ab7d7,GBP,true,9e25419a-e37c-4320-8507-d2d31f10d504,af817a0f-607f-45dc-8efe-6a0f742e8f1e,239.992,false
4482f0ef-1dc2-41e5-96d5-5e8d99201bcf,EUR,true,9e25419a-e37c-4320-8507-d2d31f10d504,d1d61cf5-0aa6-42da-8ec4-9420ef80f611,142.5,false
4492fbf4-3470-4e21-88c3-3682ec1c8265,EUR,true,9e25419a-e37c-4320-8507-d2d31f10d504,f7b268fd-e330-4298-8f01-65674b454f21,23750.0,false
44a9f316-450c-4334-91a5-41472c508b50,EUR,true,9e25419a-e37c-4320-8507-d2d31f10d504,0f8f7ee3-359d-41ab-a6fc-442944084978,423.7,false
4515351e-c355-4684-904f-e7316031933e,AUD,true,9e25419a-e37c-4320-8507-d2d31f10d504,1e654a9e-9e39-4e0c-84d9-6f270841b9fb,415.61,false
4598fbfc-5948-44dc-8263-20f9d99ed09c,USD,true,9e25419a-e37c-4320-8507-d2d31f10d504,a104a592-5778-4bb6-9fa3-04dfb953226c,250.0,false
45ddc8f1-85c5-43f1-82ed-f31130385b93,USD,true,9e25419a-e37c-4320-8507-d2d31f10d504,f6fc82fe-e681-48a9-ac59-2a26f2428a92,100.0,false
460df7a4-bfb1-4961-b4d3-ed4e4a80fa8f,USD,true,9e25419a-e37c-4320-8507-d2d31f10d504,01e62795-f515-4e24-9ed5-50b17c1e08f3,225.0,false
46aa3fa3-f7b0-40a3-ae70-5551b2c033f1,GBP,true,9e25419a-e37c-4320-8507-d2d31f10d504,88b634df-f1af-4105-b747-f3e5196e1edb,8000.0,false
46b1486a-7c7e-4d39-ae7d-900e2b84520f,AUD,true,9e25419a-e37c-4320-8507-d2d31f10d504,f6cd576b-77c5-4404-ab53-17caa771da15,6950.0,false
474f0c91-7f92-4255-bb5a-1539301ef27b,GBP,true,9e25419a-e37c-4320-8507-d2d31f10d504,a760c6a7-9226-4ada-a75b-48f58e8b258e,1226.4,false
4844758f-ffce-4533-80bb-b17f6116acfd,AUD,true,9e25419a-e37c-4320-8507-d2d31f10d504,660f2037-8734-4cda-b939-905e194c2192,139.0,false
4869bffc-f33d-42eb-97ab-00906f32a03f,USD,true,9e25419a-e37c-4320-8507-d2d31f10d504,fde8939d-27dc-473b-8300-9b78a7b13d15,8000.0,false
48fa70f1-9e63-416b-8ca8-c6cb01af37eb,GBP,true,9e25419a-e37c-4320-8507-d2d31f10d504,5ffa7078-a48b-4b8a-9849-6f1b767eeec3,400.0,false
497d68b3-0277-44f3-a08e-51a77fa276ed,AUD,true,9e25419a-e37c-4320-8507-d2d31f10d504,7e95e44a-4b7d-40e0-b175-d54cce71af6f,3686.28,false
4a60ccf1-3edd-4b96-82ab-a363c13fb6f1,AUD,true,9e25419a-e37c-4320-8507-d2d31f10d504,f002204c-611c-4cbc-8fdd-95993c7eab8e,764.5,false
4aa7f12b-b05f-466f-9973-dbca97213b76,AUD,true,9e25419a-e37c-4320-8507-d2d31f10d504,1b84bff7-67f7-4583-9890-134810144cf1,729.75,false
4abb04d2-05b2-4692-8937-051c89e6e25f,EUR,true,9e25419a-e37c-4320-8507-d2d31f10d504,88661d18-168c-462c-a7cd-ea9bf2b46cc2,1223.6,false
4c224976-ad40-4c14-bfad-256cd79012c0,AUD,true,9e25419a-e37c-4320-8507-d2d31f10d504,9be029d6-14d0-4120-917f-cbf91375b829,278.0,false
4c3f1676-1f96-48d2-a620-2995cccd7ea3,GBP,true,9e25419a-e37c-4320-8507-d2d31f10d504,8b298ee8-15cb-44fa-b157-a91802c6649a,6.36,false
4c5a0c32-57d9-4e13-a5ec-72bfdc71adb0,EUR,true,9e25419a-e37c-4320-8507-d2d31f10d504,13839322-d7ad-4886-9183-5dbef28796e3,237.5,false
4cbf07f3-f8d0-4e2f-9092-9221b37bf141,GBP,true,9e25419a-e37c-4320-8507-d2d31f10d504,38db2d02-9149-4f7e-946f-c3e0ef1a756d,202.4,false
4cdd7fb9-43cf-45bb-b03b-eadf82814d6d,GBP,true,9e25419a-e37c-4320-8507-d2d31f10d504,cd5526e1-e2a8-4d16-a60c-38b3742e7b3a,4.0,false
4d08d388-49ae-4b59-bd04-32bd0c2be9c8,GBP,true,9e25419a-e37c-4320-8507-d2d31f10d504,aa6ae394-bc3c-433c-82c6-6e42a5cb220d,80.0,false
4d212b68-ebbb-42f1-9a4f-9867b2053544,EUR,true,9e25419a-e37c-4320-8507-d2d31f10d504,d7bc575e-eba6-4927-af69-307b6950f943,23.75,false
4d249f56-d81f-46d6-90ca-f0363c7da050,AUD,true,9e25419a-e37c-4320-8507-d2d31f10d504,50f56e08-edd9-4c03-8a53-05eccd5300bc,764.5,false
4d8aada5-e311-41be-a862-af8c467f5080,EUR,true,9e25419a-e37c-4320-8507-d2d31f10d504,97d6568f-4d8c-40a8-9ab7-af04a3ff05e0,47.5,false
4e371210-c72f-4e10-a7b3-d7d1a55bbb69,EUR,true,9e25419a-e37c-4320-8507-d2d31f10d504,b1194756-d6a1-465d-908e-30d97902de38,3800.0,false
4e7850fe-d666-4d4b-a1b0-dd08f379a128,EUR,true,9e25419a-e37c-4320-8507-d2d31f10d504,2565b386-2ea6-41ea-bcb1-95dbe6be37e1,189.05,false
4ebd9496-8a03-4fcb-ad46-b2fcdf26ff71,USD,true,9e25419a-e37c-4320-8507-d2d31f10d504,d54b1f13-d7b6-4904-beec-1d5f30796ca5,12000.0,false
4f796b1a-94d2-41ff-a151-cdc8c3aa67c9,USD,true,9e25419a-e37c-4320-8507-d2d31f10d504,d177460d-c4ad-494f-90d3-78c9369556a8,1.25,false
4fee005c-87c6-4ea2-bb05-31fea0c30ff9,AUD,true,9e25419a-e37c-4320-8507-d2d31f10d504,af2d9b54-fb22-41fe-a86c-44ac1460832d,18.07,false
50c77d87-a0d2-4229-834a-164243e43f81,GBP,true,9e25419a-e37c-4320-8507-d2d31f10d504,4d39ea07-9e7b-47dc-8f2f-d499db80324c,4800.0,false
52bcf7ac-ccb5-42a9-83e1-abf11971bac5,USD,true,9e25419a-e37c-4320-8507-d2d31f10d504,50adc125-1d8e-4947-9e9e-485210c5af7e,0.0,false
53274e3b-aad5-4516-b279-844784c279d5,EUR,true,9e25419a-e37c-4320-8507-d2d31f10d504,80f0e5b4-4ed9-4f50-8c53-97fe1e532b3b,4750.0,false
53497dff-ebb6-4da8-be75-a46d6a5dfd95,GBP,true,9e25419a-e37c-4320-8507-d2d31f10d504,e9755972-033d-4047-afb6-6ba477451567,319.2,false
53a1238b-9e19-4e8c-9b1a-8230a1a56f50,AUD,true,9e25419a-e37c-4320-8507-d2d31f10d504,0c7c1010-a3b9-4da1-b015-f86352101a85,347.5,false
53dc455f-9b91-4f7c-96ff-18ea77a4a6d5,AUD,true,9e25419a-e37c-4320-8507-d2d31f10d504,009bc946-cea0-4aaf-aa98-299be283cdcb,4110.23,false
5483a6b7-08e1-4f85-9fc7-bec46f661e80,GBP,true,9e25419a-e37c-4320-8507-d2d31f10d504,9b335ebd-128e-4fee-8097-11a92faa81c3,0.0,false
54c7bfd1-e02f-4106-808a-4b8e853836b1,USD,true,9e25419a-e37c-4320-8507-d2d31f10d504,04f976eb-9a78-4af7-bb37-5a97f896f9f8,525.0,false
55219271-538b-43ff-9430-30477a852f9a,GBP,true,9e25419a-e37c-4320-8507-d2d31f10d504,32c2cd1a-426c-494a-b117-2e7e2fc52fd8,240.0,false
55245331-ba8e-4161-876c-7e4b6b0710b7,USD,true,9e25419a-e37c-4320-8507-d2d31f10d504,f3bda016-f62a-4299-8c59-61914b89418d,100.0,false
5593c98c-2eba-4466-b9d1-561d1f5a9d84,USD,true,9e25419a-e37c-4320-8507-d2d31f10d504,cd5526e1-e2a8-4d16-a60c-38b3742e7b3a,5.0,false
55d252a2-7b65-435a-bbaf-fc29ff798046,EUR,true,9e25419a-e37c-4320-8507-d2d31f10d504,88b634df-f1af-4105-b747-f3e5196e1edb,9500.0,false
55d867ea-3c16-4d97-a3a0-47efb6252eb7,EUR,true,9e25419a-e37c-4320-8507-d2d31f10d504,cfd88772-97f9-4b1a-a486-2606cd0c3b30,2470.0,false
5651498a-66f7-43da-be0a-e21b9d51c335,AUD,true,9e25419a-e37c-4320-8507-d2d31f10d504,3e64d2d5-a2e8-4412-bbab-64e24ef1e2d1,6950.0,false
56cff0b5-5441-42f9-8f4f-940da7bfd365,AUD,true,9e25419a-e37c-4320-8507-d2d31f10d504,61ad1bd6-9e79-4174-b9ad-e3b03c5c3044,1202.35,false
57290b13-a18e-49f4-8f62-072c664a1602,USD,true,9e25419a-e37c-4320-8507-d2d31f10d504,a74e1e8b-71ab-40b5-8a76-e0349b0712e8,100.0,false
573eca29-b13a-45da-871b-9bfe348098da,GBP,true,9e25419a-e37c-4320-8507-d2d31f10d504,134190ab-33f1-4eec-b593-9c8e4e547f86,2400.0,false
58e0db00-d8c3-4f4e-a09b-28103b1155fe,EUR,true,9e25419a-e37c-4320-8507-d2d31f10d504,926fe7ea-bde3-4cad-8ae4-d29bd9e9fde6,0.0,false
5909b108-8af3-4490-bff4-0db18a4cf4c0,EUR,true,9e25419a-e37c-4320-8507-d2d31f10d504,44d268b2-2506-4b82-bf0e-48e2a5121d9c,95.0,false
59513a06-376a-416d-a891-99e1942dc667,GBP,true,9e25419a-e37c-4320-8507-d2d31f10d504,15bdf9c7-5f0d-4951-9f4c-7526f5bb14d0,6400.0,false
5a167dd2-03fe-471d-87e8-ca8a9d084480,EUR,true,9e25419a-e37c-4320-8507-d2d31f10d504,0a536578-e1a8-447a-8e01-4773d319257a,1762.25,false
5a7284fe-b4f7-4896-b683-51d1e9db5a31,GBP,true,9e25419a-e37c-4320-8507-d2d31f10d504,61ad1bd6-9e79-4174-b9ad-e3b03c5c3044,692.0,false
5b86182b-fa08-44a6-a4f0-61950504b202,GBP,true,9e25419a-e37c-4320-8507-d2d31f10d504,120fe777-5349-4012-8ac3-974e3c8eee57,20.0,false
5bc8fe93-1985-4077-a91c-b3edcf3f09db,GBP,true,9e25419a-e37c-4320-8507-d2d31f10d504,f7b268fd-e330-4298-8f01-65674b454f21,20000.0,false
5bca7bce-934a-482c-b202-698edb41412b,GBP,true,9e25419a-e37c-4320-8507-d2d31f10d504,66973606-e9b9-4f41-bacd-48e4878af41f,0.0,false
5bd1aafa-5a86-4549-b853-528893664131,GBP,true,9e25419a-e37c-4320-8507-d2d31f10d504,f3bda016-f62a-4299-8c59-61914b89418d,80.0,false
5c419a5b-96b0-4511-a6bc-0e2b50db39d9,EUR,true,9e25419a-e37c-4320-8507-d2d31f10d504,74e38ee9-8904-4ea9-9ae3-a82e2b59d653,95.0,false
5c55af3a-e1ea-4c11-861e-06fa71a02e74,GBP,true,9e25419a-e37c-4320-8507-d2d31f10d504,7bb72fbf-6c76-4f1e-b265-ab488af9c2d3,127.2,false
5c5db3ef-748e-4b7f-81a9-3a610fe950a6,AUD,true,9e25419a-e37c-4320-8507-d2d31f10d504,2565b386-2ea6-41ea-bcb1-95dbe6be37e1,276.61,false
5c785226-5ae4-47fc-a2d7-da4d8ea7bd69,USD,true,9e25419a-e37c-4320-8507-d2d31f10d504,14882bbe-8db4-44ac-a94a-9285d8f1beb5,300.0,false
5cf49e97-5e60-4a2d-a23a-81e728c06140,AUD,true,9e25419a-e37c-4320-8507-d2d31f10d504,cfd88772-97f9-4b1a-a486-2606cd0c3b30,3614.0,false
5cf59d80-33b0-44d5-9b53-004a1fec8884,GBP,true,9e25419a-e37c-4320-8507-d2d31f10d504,009bc946-cea0-4aaf-aa98-299be283cdcb,2365.6,false
5d269d6b-14e4-42c3-88df-f74616669b06,GBP,true,9e25419a-e37c-4320-8507-d2d31f10d504,1035d421-d0aa-45f8-b65e-7991c5197af5,1178.4,false
5e2d732a-6117-4d78-bd67-641536ffdc5d,EUR,true,9e25419a-e37c-4320-8507-d2d31f10d504,d4b09591-a66a-4f77-bdd8-ad3df4ff32df,95.0,false
5f010678-9a66-438f-93e9-5fcccc5bf66f,EUR,true,9e25419a-e37c-4320-8507-d2d31f10d504,14c3a032-2a17-4fb5-bf6f-35afba74c178,14.25,false
5f647180-fcdc-4e2c-bb24-7b32a680998e,USD,true,9e25419a-e37c-4320-8507-d2d31f10d504,aba91f80-c2aa-4f0c-9151-f39d57807826,253.0,false
5fb3fbd0-457c-44a5-a195-09c03ae67f55,EUR,true,9e25419a-e37c-4320-8507-d2d31f10d504,5fc62811-3e6c-491f-8f04-67c3ea5680db,142.5,false
60414425-6ae9-4137-8926-270324c6beb2,EUR,true,9e25419a-e37c-4320-8507-d2d31f10d504,1035d421-d0aa-45f8-b65e-7991c5197af5,1399.35,false
60b5507a-9245-4455-9377-73597134008d,GBP,true,9e25419a-e37c-4320-8507-d2d31f10d504,926fe7ea-bde3-4cad-8ae4-d29bd9e9fde6,0.0,false
60d742ff-6dd4-4a47-ac75-ac80209fb921,GBP,true,9e25419a-e37c-4320-8507-d2d31f10d504,78d420f6-6447-4162-b3af-d0e5f029489d,4000.0,false
6100c5e9-3e54-4387-b4aa-c11aa4754367,EUR,true,9e25419a-e37c-4320-8507-d2d31f10d504,340d7f5b-42ae-44a8-8ee2-e0f1af2411cf,38.95,false
6104ec9a-2faa-4b60-9ef3-a0e8d0689a20,AUD,true,9e25419a-e37c-4320-8507-d2d31f10d504,80f0e5b4-4ed9-4f50-8c53-97fe1e532b3b,6950.0,false
619d9b31-2277-4d30-b7a2-798ced7f39c1,EUR,true,9e25419a-e37c-4320-8507-d2d31f10d504,9d119168-896c-45f7-92f1-1ff19bab8acf,34.2,false
61ed8a07-9634-490d-a305-8d3dffdcafac,GBP,true,9e25419a-e37c-4320-8507-d2d31f10d504,09ff37cf-3a26-4207-b3da-87724a050222,80.0,false
61fa7f4b-a756-4c7b-9416-e693ac13d9a7,USD,true,9e25419a-e37c-4320-8507-d2d31f10d504,b504e1f8-9d58-411c-8999-1d4c70a638b7,2250.0,false
6252c2ab-0aa9-4510-b859-01267dbf7d6b,GBP,true,9e25419a-e37c-4320-8507-d2d31f10d504,6f7850b8-33de-4402-8c55-165f1b447820,11200.0,false
62cd584a-3035-4805-80a6-7fe00ae73857,USD,true,9e25419a-e37c-4320-8507-d2d31f10d504,88661d18-168c-462c-a7cd-ea9bf2b46cc2,1288.0,false
62ddac3c-679c-4681-a001-1ccba45b86b3,EUR,true,9e25419a-e37c-4320-8507-d2d31f10d504,15bdf9c7-5f0d-4951-9f4c-7526f5bb14d0,7600.0,false
62fa397d-e025-4755-a6a9-8a39e51bc945,AUD,true,9e25419a-e37c-4320-8507-d2d31f10d504,a104a592-5778-4bb6-9fa3-04dfb953226c,347.5,false
64168f79-ca27-4c06-b1b9-00d4c4bd804e,EUR,true,9e25419a-e37c-4320-8507-d2d31f10d504,fa74b738-a5c1-4aa5-8142-4e8eb2ca4c12,5225.0,false
661dff36-1abb-4dba-af04-a03308d3fea1,USD,true,9e25419a-e37c-4320-8507-d2d31f10d504,d1373833-18ed-4e87-9366-d22b01eada55,0.0,false
679266f3-1da8-429b-9449-4d21574f8956,EUR,true,9e25419a-e37c-4320-8507-d2d31f10d504,5003bce8-a320-41b2-8773-78601530b72b,57.0,false
67ca0a55-bb4d-4273-bbcc-6226c5b3f821,USD,true,9e25419a-e37c-4320-8507-d2d31f10d504,0c7c1010-a3b9-4da1-b015-f86352101a85,250.0,false
68965794-3446-470c-80f2-1fd0b53f9062,USD,true,9e25419a-e37c-4320-8507-d2d31f10d504,126e4393-c268-44ac-96e6-8f046ca86225,1800.0,false
68d1ebfa-e1c9-4cfc-95da-be7c0df0fb79,EUR,true,9e25419a-e37c-4320-8507-d2d31f10d504,9aa94daa-1783-47e3-b4f3-271f7988941d,94.05,false
68d4ffbf-543a-4045-a510-b1bed6693846,EUR,true,9e25419a-e37c-4320-8507-d2d31f10d504,ba36e4a7-4dce-4d18-ba36-69f8069bed3f,484.5,false
68fbd763-ce17-496d-9e52-5ef90a6460c1,USD,true,9e25419a-e37c-4320-8507-d2d31f10d504,c1fab896-893c-4bf6-a487-9b5c0e4c66ac,15000.0,false
6a1754b0-d810-4dbf-ac5d-d3abbc4443e5,USD,true,9e25419a-e37c-4320-8507-d2d31f10d504,462b8c5f-b27e-4eab-966f-76ad463e251f,9.0,false
6a26f901-a389-4fb7-8187-c33479f6b93c,GBP,true,9e25419a-e37c-4320-8507-d2d31f10d504,73e51c84-8158-44bc-a7b2-0eb1255dabb8,6800.0,false
6a59331c-fb6e-4dfe-9583-8c24ea4dfe6d,GBP,true,9e25419a-e37c-4320-8507-d2d31f10d504,45428b99-1e27-4bbc-b90c-3febcf7472e6,16000.0,false
6b2479d1-a266-4f33-82b7-32cca546d406,AUD,true,9e25419a-e37c-4320-8507-d2d31f10d504,88661d18-168c-462c-a7cd-ea9bf2b46cc2,1790.32,false
6b332c03-5969-48e0-8b57-932da048aad4,AUD,true,9e25419a-e37c-4320-8507-d2d31f10d504,9d3dab64-174d-4302-9aa3-aadcfe342931,312.75,false
6b4728f1-95eb-4766-8757-682efad06de6,AUD,true,9e25419a-e37c-4320-8507-d2d31f10d504,14c72aef-6d1b-412a-b594-d9154afe26b1,0.0,false
6c287da8-15d6-4f85-a043-19c8f2ab846c,EUR,true,9e25419a-e37c-4320-8507-d2d31f10d504,4d39ea07-9e7b-47dc-8f2f-d499db80324c,5700.0,false
6c563763-8a1e-444b-b0c3-f61ad8d6159a,AUD,true,9e25419a-e37c-4320-8507-d2d31f10d504,37e7db78-8aac-406d-abb4-556ffd761045,347.5,false
6c5ae03b-9e44-4a31-8a9c-7591fa0c0536,EUR,true,9e25419a-e37c-4320-8507-d2d31f10d504,2e03b79a-2210-4257-89bc-8390345dc542,0.95,false
6c741ec7-6861-4115-be36-11b638c3b7ca,GBP,true,9e25419a-e37c-4320-8507-d2d31f10d504,bd6a9fcf-e04f-4e36-9108-48e27c2475f0,1600.0,false
6ca903bf-fd7c-4ab9-a2f5-7c1cd22f9d97,AUD,true,9e25419a-e37c-4320-8507-d2d31f10d504,46c49090-b198-4a4d-9877-76e374bf1cd3,241.86,false
6d49da34-4a16-4ff1-9d9f-9fc2a00a5aac,GBP,true,9e25419a-e37c-4320-8507-d2d31f10d504,d84d71b5-19f7-4a24-8008-0372772f6af8,40.0,false
6e10f73a-77b5-4ede-8b7a-3b81de208a30,USD,true,9e25419a-e37c-4320-8507-d2d31f10d504,d1d61cf5-0aa6-42da-8ec4-9420ef80f611,150.0,false
6e4565d6-680b-4b2e-8743-f91e5f06f964,GBP,true,9e25419a-e37c-4320-8507-d2d31f10d504,efb44851-c905-487b-97d6-e6ea5a7ebb27,80.0,false
6e90ead4-207e-4cd6-b51d-d46a4765d502,AUD,true,9e25419a-e37c-4320-8507-d2d31f10d504,78d420f6-6447-4162-b3af-d0e5f029489d,6950.0,false
6f08f9b6-4458-44ee-ab34-20faa0466df1,USD,true,9e25419a-e37c-4320-8507-d2d31f10d504,09ff37cf-3a26-4207-b3da-87724a050222,100.0,false
70244eff-c906-430f-ad85-738b3959d722,GBP,true,9e25419a-e37c-4320-8507-d2d31f10d504,2b140127-961b-4d6c-80ee-02443bbcca15,12000.0,false
70283476-ce3a-45da-ac65-227455fe3026,GBP,true,9e25419a-e37c-4320-8507-d2d31f10d504,d54b1f13-d7b6-4904-beec-1d5f30796ca5,9600.0,false
7096f5b0-f0e9-4af8-938c-641b38d56652,EUR,true,9e25419a-e37c-4320-8507-d2d31f10d504,4404aac8-0d87-476b-a4b6-1a5a3eaa43de,0.0,false
710d49d5-e7bb-49de-ada7-a45fbfa4a624,USD,true,9e25419a-e37c-4320-8507-d2d31f10d504,6cf224a1-eae0-453f-9773-b11bb406b094,446.0,false
71237064-799d-45aa-9ccb-43254533dbbe,EUR,true,9e25419a-e37c-4320-8507-d2d31f10d504,df35b8ef-207a-4a9d-bf27-efe0611bf818,2280.0,false
713e518d-c8b9-447b-b310-1795e7d5a19e,USD,true,9e25419a-e37c-4320-8507-d2d31f10d504,120fe777-5349-4012-8ac3-974e3c8eee57,25.0,false
7167399f-2952-4335-aa4d-af3783805e2b,GBP,true,9e25419a-e37c-4320-8507-d2d31f10d504,636a5450-17ce-4d4b-a242-b1e65bdb7d86,159.2,false
725180f9-6d34-49bf-b1fb-31caccff9f5c,GBP,true,9e25419a-e37c-4320-8507-d2d31f10d504,f8046556-8ae6-46ca-9cd8-a6f641816524,19200.0,false
72c95583-9718-41d3-917d-205e624aeb39,USD,true,9e25419a-e37c-4320-8507-d2d31f10d504,4ca951a2-ca36-4252-833c-fde9976dce8b,17500.0,false
735841a5-9351-4b88-8c98-ab4fdab494e1,USD,true,9e25419a-e37c-4320-8507-d2d31f10d504,19c8c7c5-7773-4c36-b824-17028e4e227b,245.0,false
736c2896-3336-4156-9627-8ba8920a4fbe,EUR,true,9e25419a-e37c-4320-8507-d2d31f10d504,f39154d3-260b-48b3-b562-61a24d5eeb9d,289.75,false
742e04f7-2250-4591-8afb-0a173aed37f5,EUR,true,9e25419a-e37c-4320-8507-d2d31f10d504,5ffa7078-a48b-4b8a-9849-6f1b767eeec3,475.0,false
74fcdb53-09af-4d69-ab21-8357f4a2d2cc,EUR,true,9e25419a-e37c-4320-8507-d2d31f10d504,f3bda016-f62a-4299-8c59-61914b89418d,95.0,false
750c32bd-a168-4f53-a170-c74022838fe5,USD,true,9e25419a-e37c-4320-8507-d2d31f10d504,fc05e7cd-1dd3-44ac-a67f-86718e14e77d,769.5,false
7511a096-4566-4291-8afd-5c28279beaf0,EUR,true,9e25419a-e37c-4320-8507-d2d31f10d504,61ad1bd6-9e79-4174-b9ad-e3b03c5c3044,821.75,false
75360f4e-a44f-4b83-9f7d-7600e190df1e,USD,true,9e25419a-e37c-4320-8507-d2d31f10d504,50e615d5-cc25-47cb-8af0-5dd8d954dffe,20000.0,false
755a7bb1-465d-490f-b850-9deee4e4fa46,EUR,true,9e25419a-e37c-4320-8507-d2d31f10d504,45428b99-1e27-4bbc-b90c-3febcf7472e6,19000.0,false
755ad627-de23-42ee-acfa-6c865b123100,GBP,true,9e25419a-e37c-4320-8507-d2d31f10d504,b504e1f8-9d58-411c-8999-1d4c70a638b7,1800.0,false
7614cba2-4957-4d3b-a841-c413d624b42d,USD,true,9e25419a-e37c-4320-8507-d2d31f10d504,fa74b738-a5c1-4aa5-8142-4e8eb2ca4c12,5500.0,false
76165657-0be3-403b-ab99-97d60dc9ec53,EUR,true,9e25419a-e37c-4320-8507-d2d31f10d504,d177460d-c4ad-494f-90d3-78c9369556a8,1.1875,false
7766bbd5-c478-4bdf-8df8-bd67b14ae06c,USD,true,9e25419a-e37c-4320-8507-d2d31f10d504,c2e0c529-b2e7-45f9-9e39-521b4a5a2f15,200.0,false
78514b6f-3d83-45d9-a7ff-de3c283a7d90,AUD,true,9e25419a-e37c-4320-8507-d2d31f10d504,50831e62-b3ec-4bdd-a6d8-803872f93190,2488.1,false
79557bb0-662b-43eb-91ea-ce13d1a460e4,USD,true,9e25419a-e37c-4320-8507-d2d31f10d504,f1293b13-181f-43d6-95f0-8820ace7b1b3,1159.0,false
7971e122-b7ac-4664-b0e1-415fc56b78dc,USD,true,9e25419a-e37c-4320-8507-d2d31f10d504,f8d4ec82-314d-44d1-90be-8baf47ad5425,100.0,false
7999813f-3816-4192-9631-84572a6b64f5,USD,true,9e25419a-e37c-4320-8507-d2d31f10d504,ee0ed6b6-563e-4174-9b52-5cc761ff4393,1000.0,false
79ced05c-39ba-41b3-9ba6-612120f37489,EUR,true,9e25419a-e37c-4320-8507-d2d31f10d504,41c70dde-1cdf-4b7d-b8e0-75f5dfb108a5,1065.9,false
7a586b53-6e61-4546-969a-8d87e9cf1957,USD,true,9e25419a-e37c-4320-8507-d2d31f10d504,c09be5db-82f2-482d-ba5f-98b6d754e3a8,100.0,false
7b095532-f9ae-4069-b9e4-43ab2b7c2f4e,GBP,true,9e25419a-e37c-4320-8507-d2d31f10d504,586bc0d7-40da-4957-bc9f-e2f10ad34c5c,800.0,false
7b19a7bc-2bfe-43c1-af29-193019988282,USD,true,9e25419a-e37c-4320-8507-d2d31f10d504,9b335ebd-128e-4fee-8097-11a92faa81c3,0.0,false
7b8aa0ef-0db4-4818-94dd-6db7b9317d91,AUD,true,9e25419a-e37c-4320-8507-d2d31f10d504,8a4023eb-733b-4e5f-acdf-60b9469a768e,347.5,false
7c87f682-b2a0-4213-b2d8-83792eabebb3,EUR,true,9e25419a-e37c-4320-8507-d2d31f10d504,b504e1f8-9d58-411c-8999-1d4c70a638b7,2137.5,false
7d4ca4a7-0c2a-44a7-81b4-f92babb6404d,GBP,true,9e25419a-e37c-4320-8507-d2d31f10d504,2caf72d3-d00c-484a-aa56-cfc18f48e6e4,4494.984,false
7f5002b6-41f4-491f-853d-fa27157ef702,AUD,true,9e25419a-e37c-4320-8507-d2d31f10d504,01508c7e-3014-4b30-9852-b67273c3c9cb,312.75,false
7faf77e3-92bf-4767-8fd5-3fd5565183eb,GBP,true,9e25419a-e37c-4320-8507-d2d31f10d504,c09be5db-82f2-482d-ba5f-98b6d754e3a8,80.0,false
80060ae3-158a-44b6-b863-ddaa1d874d26,AUD,true,9e25419a-e37c-4320-8507-d2d31f10d504,0a536578-e1a8-447a-8e01-4773d319257a,2578.45,false
809df602-e6cc-44bc-8e0d-97f9b5007f14,EUR,true,9e25419a-e37c-4320-8507-d2d31f10d504,46c49090-b198-4a4d-9877-76e374bf1cd3,165.3,false
811d17f1-e289-477c-9efe-2567102273e3,EUR,true,9e25419a-e37c-4320-8507-d2d31f10d504,f6fc82fe-e681-48a9-ac59-2a26f2428a92,95.0,false
82072c68-138e-4d7e-9758-d2a25361d597,GBP,true,9e25419a-e37c-4320-8507-d2d31f10d504,340d7f5b-42ae-44a8-8ee2-e0f1af2411cf,32.8,false
826b9591-e5fe-449b-9d67-bf24289bf7c9,GBP,true,9e25419a-e37c-4320-8507-d2d31f10d504,fde8939d-27dc-473b-8300-9b78a7b13d15,6400.0,false
82b47a30-ad99-4e52-8e2a-6ff1fcb73835,GBP,true,9e25419a-e37c-4320-8507-d2d31f10d504,c7d56634-c54c-449c-b0bc-19b3793223df,1929.6,false
82fdfed5-9330-48bc-93f0-7d33d5b2f984,EUR,true,9e25419a-e37c-4320-8507-d2d31f10d504,c7d56634-c54c-449c-b0bc-19b3793223df,2291.4,false
8310b671-a027-474e-8d15-569c85b494dd,USD,true,9e25419a-e37c-4320-8507-d2d31f10d504,cfcfe534-c704-4839-9e56-ebe6c94b966c,2899.0,false
83168d51-6ad9-4ba3-861e-dabd8be5f829,EUR,true,9e25419a-e37c-4320-8507-d2d31f10d504,6012d6a3-1ce1-41a7-b7fc-d3207eb5aae1,190.0,false
8390470b-497f-42a9-8858-b1cf4e8b2737,USD,true,9e25419a-e37c-4320-8507-d2d31f10d504,efb44851-c905-487b-97d6-e6ea5a7ebb27,100.0,false
83a6f69f-9943-4eb8-82ef-2403f61d7783,EUR,true,9e25419a-e37c-4320-8507-d2d31f10d504,660f2037-8734-4cda-b939-905e194c2192,95.0,false
83b43580-ca4e-4945-a1a6-fbe9f445daf2,GBP,true,9e25419a-e37c-4320-8507-d2d31f10d504,d177460d-c4ad-494f-90d3-78c9369556a8,1.0,false
846e4e01-6481-4a86-b936-a969b12137ed,GBP,true,9e25419a-e37c-4320-8507-d2d31f10d504,01e62795-f515-4e24-9ed5-50b17c1e08f3,180.0,false
8482c926-c09e-4919-8df1-8d8cec761198,EUR,true,9e25419a-e37c-4320-8507-d2d31f10d504,9be029d6-14d0-4120-917f-cbf91375b829,190.0,false
85032ce4-d614-463d-8bd0-66235433f48a,AUD,true,9e25419a-e37c-4320-8507-d2d31f10d504,32c2cd1a-426c-494a-b117-2e7e2fc52fd8,417.0,false
852d56d2-a00c-4695-92a5-74904eeab057,AUD,true,9e25419a-e37c-4320-8507-d2d31f10d504,04f976eb-9a78-4af7-bb37-5a97f896f9f8,729.75,false
856211b1-3a8a-43d0-91c7-d9d52648ac28,EUR,true,9e25419a-e37c-4320-8507-d2d31f10d504,432fb8e4-e17b-404c-8a8c-321e1a968a4c,11400.0,false
85f31a9c-ec6f-4f5b-9b8d-ed7f317982c3,USD,true,9e25419a-e37c-4320-8507-d2d31f10d504,9d119168-896c-45f7-92f1-1ff19bab8acf,36.0,false
862778bc-d21c-4d64-8bab-8293c91b0d64,USD,true,9e25419a-e37c-4320-8507-d2d31f10d504,98063f39-08d6-4781-80b7-1edc15a977ce,2000.0,false
86d1d95c-7ffd-44c1-8150-deb32c70ae56,GBP,true,9e25419a-e37c-4320-8507-d2d31f10d504,af8aec49-2e9a-4cdf-8efb-093fff14d741,4000.0,false
86e469c6-ce4c-49f5-900d-cabbc83ce725,GBP,true,9e25419a-e37c-4320-8507-d2d31f10d504,e8fc0332-6303-4368-926e-86605ef037f0,136.0,false
87a29966-c2a2-4480-9ceb-6f638bd6d0cd,EUR,true,9e25419a-e37c-4320-8507-d2d31f10d504,8a4023eb-733b-4e5f-acdf-60b9469a768e,237.5,false
8895224d-2902-4db4-ad56-0b3c31df0928,AUD,true,9e25419a-e37c-4320-8507-d2d31f10d504,926fe7ea-bde3-4cad-8ae4-d29bd9e9fde6,0.0,false
89084d33-c25c-4ce3-880b-6b35acd14b7d,GBP,true,9e25419a-e37c-4320-8507-d2d31f10d504,df35b8ef-207a-4a9d-bf27-efe0611bf818,1920.0,false
89a5aea0-7f0f-4362-a1cc-4b08a598340b,EUR,true,9e25419a-e37c-4320-8507-d2d31f10d504,01e62795-f515-4e24-9ed5-50b17c1e08f3,213.75,false
89ee1264-4aeb-4284-b983-00c5df867215,AUD,true,9e25419a-e37c-4320-8507-d2d31f10d504,8871abed-cf32-4621-8f28-c7519695fb2f,278.0,false
8a643594-846b-4191-b67c-2f57d6da793c,EUR,true,9e25419a-e37c-4320-8507-d2d31f10d504,c043c1cc-f28d-41fb-89b5-1ee4a79210d2,1306.82,false
8a843a9a-53c7-4492-af81-1d4e28cc8973,AUD,true,9e25419a-e37c-4320-8507-d2d31f10d504,8dade82b-383f-4925-8414-2601290c5ff9,173.75,false
8a98dfde-273e-4913-a5f2-38c16bc41966,GBP,true,9e25419a-e37c-4320-8507-d2d31f10d504,4404aac8-0d87-476b-a4b6-1a5a3eaa43de,0.0,false
8b0618cb-ab53-45c5-964d-686fa32f0655,AUD,true,9e25419a-e37c-4320-8507-d2d31f10d504,ee0ed6b6-563e-4174-9b52-5cc761ff4393,1390.0,false
8b293ea4-9e6d-4b00-b834-1c72f5a65a9f,USD,true,9e25419a-e37c-4320-8507-d2d31f10d504,7187c547-16cc-4d69-89f0-7b0dcb925e80,2652.0,false
8b2e246b-d5e0-4c78-9deb-c7488bced86b,USD,true,9e25419a-e37c-4320-8507-d2d31f10d504,e9755972-033d-4047-afb6-6ba477451567,399.0,false
8bb2322f-0065-4e39-9e8a-42b0bebbf280,GBP,true,9e25419a-e37c-4320-8507-d2d31f10d504,cfd88772-97f9-4b1a-a486-2606cd0c3b30,2080.0,false
8c1de16f-1588-4df0-846b-ad0414d0e87a,AUD,true,9e25419a-e37c-4320-8507-d2d31f10d504,f6fc82fe-e681-48a9-ac59-2a26f2428a92,139.0,false
8cc64224-48ad-4db2-89f3-db79f26d3b91,AUD,true,9e25419a-e37c-4320-8507-d2d31f10d504,a760c6a7-9226-4ada-a75b-48f58e8b258e,2130.87,false
8cf18912-ae47-480c-b991-7509cbad58a7,AUD,true,9e25419a-e37c-4320-8507-d2d31f10d504,c2e0c529-b2e7-45f9-9e39-521b4a5a2f15,278.0,false
8dde9477-ebdd-47ba-89fa-54f65787ff37,AUD,true,9e25419a-e37c-4320-8507-d2d31f10d504,636a5450-17ce-4d4b-a242-b1e65bdb7d86,276.61,false
8df835e0-ad43-406c-b067-7b26584739f6,GBP,true,9e25419a-e37c-4320-8507-d2d31f10d504,83cadbc0-2df8-4f50-b051-518adc9ee839,200.0,false
8e548bbb-c78b-4bc3-8aec-5e0ec677ab4f,GBP,true,9e25419a-e37c-4320-8507-d2d31f10d504,d4b09591-a66a-4f77-bdd8-ad3df4ff32df,80.0,false
8e5f83be-6b55-4850-b10f-9ffba99de183,AUD,true,9e25419a-e37c-4320-8507-d2d31f10d504,e8fc0332-6303-4368-926e-86605ef037f0,236.3,false
8e9ad588-9d14-4b15-8122-91647c5369aa,EUR,true,9e25419a-e37c-4320-8507-d2d31f10d504,50e615d5-cc25-47cb-8af0-5dd8d954dffe,19000.0,false
8f12a1c3-f903-43a8-b2c6-0e0eff01aee8,GBP,true,9e25419a-e37c-4320-8507-d2d31f10d504,29b4b0d0-12ef-4697-b0c4-fec35e105388,0.0,false
8f43be51-ade4-4d4b-9c9a-ad818e8f1107,EUR,true,9e25419a-e37c-4320-8507-d2d31f10d504,19c8c7c5-7773-4c36-b824-17028e4e227b,232.75,false
8f4ceefb-4055-4326-b4dd-c5391c818741,AUD,true,9e25419a-e37c-4320-8507-d2d31f10d504,5003bce8-a320-41b2-8773-78601530b72b,83.4,false
8f52a7da-a30c-4d12-a47d-cf2cad8eb07d,GBP,true,9e25419a-e37c-4320-8507-d2d31f10d504,f1293b13-181f-43d6-95f0-8820ace7b1b3,927.2,false
8f5a4b40-8cc8-4941-9d70-a4c833c881e1,AUD,true,9e25419a-e37c-4320-8507-d2d31f10d504,d7a875f1-1bda-4334-bfcc-dc3a4f33d342,926.4211,false
8f604205-b9d1-479b-8690-ffe1f2e09ef8,EUR,true,9e25419a-e37c-4320-8507-d2d31f10d504,1b0b6b7f-5357-4c12-8868-863d2bf11b14,1900.0,false
90e1e37b-e9e5-4d40-b9c2-d5ba333cd32d,AUD,true,9e25419a-e37c-4320-8507-d2d31f10d504,7d9b4d6f-83fb-48bf-a04d-5731b7844f1a,729.75,false
914f32e6-d90c-42a7-87d1-2e02b0e66bf4,USD,true,9e25419a-e37c-4320-8507-d2d31f10d504,bdbf266e-fd4e-4ebc-ac9f-9641869076bd,0.0,false
9161e054-0cd8-4aac-982d-8a72308a527a,EUR,true,9e25419a-e37c-4320-8507-d2d31f10d504,8dade82b-383f-4925-8414-2601290c5ff9,118.75,false
91efd57d-e1ce-44c0-a57d-bc63b766f58a,GBP,true,9e25419a-e37c-4320-8507-d2d31f10d504,14882bbe-8db4-44ac-a94a-9285d8f1beb5,240.0,false
9299a73e-6a0f-478a-97ad-e7de46964b2d,AUD,true,9e25419a-e37c-4320-8507-d2d31f10d504,728d3c88-3855-4c86-96c3-18f841cf6708,3475.0,false
9303ad0f-2107-422e-8ea6-f9a09698886a,AUD,true,9e25419a-e37c-4320-8507-d2d31f10d504,38db2d02-9149-4f7e-946f-c3e0ef1a756d,351.67,false
939c66d3-3afa-47fe-8728-b96758a39710,USD,true,9e25419a-e37c-4320-8507-d2d31f10d504,a872974e-d1d5-4801-98c8-f958f4908d9f,29.0,false
9430e8c5-f5e0-4639-a40c-4826a49570c4,AUD,true,9e25419a-e37c-4320-8507-d2d31f10d504,fa74b738-a5c1-4aa5-8142-4e8eb2ca4c12,7645.0,false
953744a8-0920-4528-8329-d825d0702ad7,EUR,true,9e25419a-e37c-4320-8507-d2d31f10d504,a74e1e8b-71ab-40b5-8a76-e0349b0712e8,95.0,false
95a7ccaa-577e-41a4-881d-86a79de7f66a,USD,true,9e25419a-e37c-4320-8507-d2d31f10d504,44d268b2-2506-4b82-bf0e-48e2a5121d9c,100.0,false
96107644-e2d7-407d-ba15-aa7a9ea7218a,EUR,true,9e25419a-e37c-4320-8507-d2d31f10d504,29b4b0d0-12ef-4697-b0c4-fec35e105388,0.0,false
963c9d97-16d8-49b6-9035-0ac574e0a62b,EUR,true,9e25419a-e37c-4320-8507-d2d31f10d504,f5fd4bd9-9648-47fe-9aee-83cfa815ea9b,1762.25,false
9645e30a-369d-4043-9c4a-25e8dbda3eb2,GBP,true,9e25419a-e37c-4320-8507-d2d31f10d504,14c3a032-2a17-4fb5-bf6f-35afba74c178,12.0,false
96756d02-c9b3-4930-af99-a81260d512a1,GBP,true,9e25419a-e37c-4320-8507-d2d31f10d504,3e64d2d5-a2e8-4412-bbab-64e24ef1e2d1,4000.0,false
978eeb89-f2a5-4a84-8cc2-24a3ca3ae6d6,AUD,true,9e25419a-e37c-4320-8507-d2d31f10d504,83cadbc0-2df8-4f50-b051-518adc9ee839,347.5,false
982c3455-2745-4abb-8171-fd5046cc1bcf,AUD,true,9e25419a-e37c-4320-8507-d2d31f10d504,472455fc-798a-4794-bc42-8ff6d1696613,667.2,false
9843a1da-3737-43a3-a27c-d303e57f21b1,AUD,true,9e25419a-e37c-4320-8507-d2d31f10d504,9aa94daa-1783-47e3-b4f3-271f7988941d,137.61,false
98480b3b-12c6-45b6-be12-fc45e023526d,AUD,true,9e25419a-e37c-4320-8507-d2d31f10d504,41c70dde-1cdf-4b7d-b8e0-75f5dfb108a5,1559.58,false
98f2754a-f3c9-4119-9b43-7a58dbb711f9,EUR,true,9e25419a-e37c-4320-8507-d2d31f10d504,4ca951a2-ca36-4252-833c-fde9976dce8b,16625.0,false
9900dca2-a7b4-4ebd-adaf-643aeae6cb0d,GBP,true,9e25419a-e37c-4320-8507-d2d31f10d504,01508c7e-3014-4b30-9852-b67273c3c9cb,180.0,false
99588971-6d78-4a91-8fb3-da48a4cef347,EUR,true,9e25419a-e37c-4320-8507-d2d31f10d504,9d3dab64-174d-4302-9aa3-aadcfe342931,213.75,false
995e5942-fefa-4f21-be44-89bf66806917,AUD,true,9e25419a-e37c-4320-8507-d2d31f10d504,cacb16ad-f1b3-4b57-a209-d38241ab00f3,0.0,false
99a0dd75-49c1-42f1-8d36-f74bb643ef0b,EUR,true,9e25419a-e37c-4320-8507-d2d31f10d504,e212f912-d111-485a-8657-0ecf0b578c20,190.0,false
99e665da-da22-466e-8974-7e61c92ede46,AUD,true,9e25419a-e37c-4320-8507-d2d31f10d504,aba91f80-c2aa-4f0c-9151-f39d57807826,351.67,false
99f8063d-fad3-4327-b2e1-d3373d2aa88d,USD,true,9e25419a-e37c-4320-8507-d2d31f10d504,af2d9b54-fb22-41fe-a86c-44ac1460832d,13.0,false
9aa975ea-88c2-4195-83af-ed62d8e43759,EUR,true,9e25419a-e37c-4320-8507-d2d31f10d504,77991ee7-6e0a-4e5b-ab85-9f5761db6d57,570.0,false
9c50ea1e-9f40-4e0e-93af-df945ff72170,USD,true,9e25419a-e37c-4320-8507-d2d31f10d504,580262f5-f63a-40dd-a218-3bf65487af54,12.0,false
9cd40933-bdee-46aa-9120-50ec35b0f6ee,EUR,true,9e25419a-e37c-4320-8507-d2d31f10d504,e9755972-033d-4047-afb6-6ba477451567,379.05,false
9cd93e45-c28b-4274-8576-3889aa12585d,AUD,true,9e25419a-e37c-4320-8507-d2d31f10d504,70d5e872-c19c-4be6-afd4-8807cd731e53,6950.0,false
9d0a8838-f9e1-42e9-a366-c21fe9e7582f,AUD,true,9e25419a-e37c-4320-8507-d2d31f10d504,586bc0d7-40da-4957-bc9f-e2f10ad34c5c,1390.0,false
9d2e4efe-07c9-4561-985d-ceeaf674ada1,EUR,true,9e25419a-e37c-4320-8507-d2d31f10d504,bdbf266e-fd4e-4ebc-ac9f-9641869076bd,0.0,false
9dbedaab-9486-4ad7-8a28-0dcb18abf18c,GBP,true,9e25419a-e37c-4320-8507-d2d31f10d504,f6cd576b-77c5-4404-ab53-17caa771da15,4000.0,false
9e11c993-bd5b-436b-b89b-fe1afc7907fb,GBP,true,9e25419a-e37c-4320-8507-d2d31f10d504,1b0b6b7f-5357-4c12-8868-863d2bf11b14,1600.0,false
9e2cd73a-e7fd-4d73-9374-f828da734f80,EUR,true,9e25419a-e37c-4320-8507-d2d31f10d504,9adf05af-f9b1-4f4f-b58e-fc02b4acf4f2,9.5,false
9e6ec933-c26e-47a1-90f0-d551dea24d8a,AUD,true,9e25419a-e37c-4320-8507-d2d31f10d504,aa6ae394-bc3c-433c-82c6-6e42a5cb220d,139.0,false
9ec9b649-8d13-4a6b-babd-6ea5c663e1c0,USD,true,9e25419a-e37c-4320-8507-d2d31f10d504,1b0b6b7f-5357-4c12-8868-863d2bf11b14,2000.0,false
9f67b673-7d78-4afb-b861-2f8fec9e90e9,AUD,true,9e25419a-e37c-4320-8507-d2d31f10d504,c7d56634-c54c-449c-b0bc-19b3793223df,3352.68,false
a06a7024-5fc1-4449-819d-81e10ae3f417,GBP,true,9e25419a-e37c-4320-8507-d2d31f10d504,88661d18-168c-462c-a7cd-ea9bf2b46cc2,1030.4,false
a25caf6d-4b2d-4117-8ce9-92d03ea73786,USD,true,9e25419a-e37c-4320-8507-d2d31f10d504,f39154d3-260b-48b3-b562-61a24d5eeb9d,305.0,false
a2ff3094-382e-4a02-9b88-dc1e1e4b69c3,EUR,true,9e25419a-e37c-4320-8507-d2d31f10d504,ee0ed6b6-563e-4174-9b52-5cc761ff4393,950.0,false
a33422f7-e717-4996-ba8d-ee91e016fefa,EUR,true,9e25419a-e37c-4320-8507-d2d31f10d504,78d420f6-6447-4162-b3af-d0e5f029489d,4750.0,false
a3a2f218-917e-42fa-b15a-b2509580ab83,AUD,true,9e25419a-e37c-4320-8507-d2d31f10d504,efb44851-c905-487b-97d6-e6ea5a7ebb27,139.0,false
a3a82b11-0515-4911-b5e5-2bcba609547b,USD,true,9e25419a-e37c-4320-8507-d2d31f10d504,797ad713-7f35-4431-88cb-8abe402058e2,7000.0,false
a3cc8937-1062-4b72-a864-66f28bf90a7b,USD,true,9e25419a-e37c-4320-8507-d2d31f10d504,83cadbc0-2df8-4f50-b051-518adc9ee839,250.0,false
a4460325-71b1-43c7-ac7a-15de09ed0704,AUD,true,9e25419a-e37c-4320-8507-d2d31f10d504,73e51c84-8158-44bc-a7b2-0eb1255dabb8,11815.0,false
a5571d07-fb4b-47fa-8afa-406499de511b,GBP,true,9e25419a-e37c-4320-8507-d2d31f10d504,9aa94daa-1783-47e3-b4f3-271f7988941d,79.2,false
a62be1db-95c7-4db2-bfdd-206a417c4085,AUD,true,9e25419a-e37c-4320-8507-d2d31f10d504,340d7f5b-42ae-44a8-8ee2-e0f1af2411cf,56.99,false
a62d1cd2-e0ef-47cf-9464-91e2de83dd9a,GBP,true,9e25419a-e37c-4320-8507-d2d31f10d504,580262f5-f63a-40dd-a218-3bf65487af54,9.6,false
a660d331-de6e-4a28-bcbb-91ebceb888db,GBP,true,9e25419a-e37c-4320-8507-d2d31f10d504,5003bce8-a320-41b2-8773-78601530b72b,48.0,false
a6ebab52-f6aa-42c6-acc6-3a04be981314,GBP,true,9e25419a-e37c-4320-8507-d2d31f10d504,5fc62811-3e6c-491f-8f04-67c3ea5680db,120.0,false
a83855ad-22b8-4b2f-b6bd-62b582463f3e,EUR,true,9e25419a-e37c-4320-8507-d2d31f10d504,bd6a9fcf-e04f-4e36-9108-48e27c2475f0,1900.0,false
a9f83230-42d5-4ceb-ac55-526625f0af64,AUD,true,9e25419a-e37c-4320-8507-d2d31f10d504,f8d4ec82-314d-44d1-90be-8baf47ad5425,139.0,false
aa32ae53-f03e-405e-9550-08805c0618a8,EUR,true,9e25419a-e37c-4320-8507-d2d31f10d504,009bc946-cea0-4aaf-aa98-299be283cdcb,2809.15,false
aa58d718-21e4-4d9d-b17b-c73bca4ed185,USD,true,9e25419a-e37c-4320-8507-d2d31f10d504,2caf72d3-d00c-484a-aa56-cfc18f48e6e4,5618.73,false
aa678c35-d347-4368-90bb-4ba4ad9a88ae,AUD,true,9e25419a-e37c-4320-8507-d2d31f10d504,7778e2a8-9a21-47ca-a426-6b9356f2cc1b,0.0,false
aa84e283-e447-4c0d-b044-7c6d81ba8b17,AUD,true,9e25419a-e37c-4320-8507-d2d31f10d504,c6213570-14ae-4f40-94ad-ccfd207fc256,943.81,false
aaaf1668-8fe0-4227-8327-d9945e1d5edc,USD,true,9e25419a-e37c-4320-8507-d2d31f10d504,01508c7e-3014-4b30-9852-b67273c3c9cb,225.0,false
ab451079-41f6-46b6-a773-eb787bea2259,EUR,true,9e25419a-e37c-4320-8507-d2d31f10d504,ab178f45-6b11-4d15-9f73-fb14d656b8f8,47.5,false
ab697059-4d8e-4f54-b4ed-61ba663a2b01,GBP,true,9e25419a-e37c-4320-8507-d2d31f10d504,9d3dab64-174d-4302-9aa3-aadcfe342931,180.0,false
ac2c254a-88ad-498d-83c0-58e681ade63b,USD,true,9e25419a-e37c-4320-8507-d2d31f10d504,5ffa7078-a48b-4b8a-9849-6f1b767eeec3,500.0,false
ac63a3ac-75b1-4d4f-a8d8-d11c7f01354a,GBP,true,9e25419a-e37c-4320-8507-d2d31f10d504,7187c547-16cc-4d69-89f0-7b0dcb925e80,2121.6,false
acd35217-007c-4309-87fd-7ac09c843e10,GBP,true,9e25419a-e37c-4320-8507-d2d31f10d504,14c72aef-6d1b-412a-b594-d9154afe26b1,0.0,false
ace03b69-8a70-4ba5-b4fc-b7dfdf1c31ee,GBP,true,9e25419a-e37c-4320-8507-d2d31f10d504,7778e2a8-9a21-47ca-a426-6b9356f2cc1b,0.0,false
ad02c25b-4ae7-46e7-a7cc-d79e62795214,EUR,true,9e25419a-e37c-4320-8507-d2d31f10d504,636a5450-17ce-4d4b-a242-b1e65bdb7d86,189.05,false
ae1d7387-cc17-408d-90ff-8b7b3a6d6888,USD,true,9e25419a-e37c-4320-8507-d2d31f10d504,7235c148-a4f3-4e7d-b385-0f5809b7f241,0.0,false
ae86a663-dab7-4759-afb5-e6e2d273269d,USD,true,9e25419a-e37c-4320-8507-d2d31f10d504,d7a875f1-1bda-4334-bfcc-dc3a4f33d342,666.49,false
aecc50d4-a7ca-4796-be84-788b0496cfc2,GBP,true,9e25419a-e37c-4320-8507-d2d31f10d504,a872974e-d1d5-4801-98c8-f958f4908d9f,23.2,false
aed7065c-ec62-478a-b8be-b66ba37810f8,EUR,true,9e25419a-e37c-4320-8507-d2d31f10d504,f1293b13-181f-43d6-95f0-8820ace7b1b3,1101.05,false
af2cb3f4-0908-4e5b-a2b1-4de0f344dc57,AUD,true,9e25419a-e37c-4320-8507-d2d31f10d504,d84d71b5-19f7-4a24-8008-0372772f6af8,69.5,false
af8c918a-923d-4bb0-85f2-d489925d36cc,AUD,true,9e25419a-e37c-4320-8507-d2d31f10d504,2711d4ae-cef9-4f69-926a-4872e52dcb84,56.99,false
afe12cbd-fae3-4d14-b73d-fbfcd15902cf,EUR,true,9e25419a-e37c-4320-8507-d2d31f10d504,c078e8cd-75a0-4f52-9b42-f1a9a6312b36,1900.0,false
b19bce07-bf46-4198-8fca-800a7ef23038,AUD,true,9e25419a-e37c-4320-8507-d2d31f10d504,797ad713-7f35-4431-88cb-8abe402058e2,9730.0,false
b1dff750-0e14-4d85-9f88-bb3814bfe06a,EUR,true,9e25419a-e37c-4320-8507-d2d31f10d504,af817a0f-607f-45dc-8efe-6a0f742e8f1e,284.9905,false
b26067ad-696a-4929-a427-91c91f82c631,GBP,true,9e25419a-e37c-4320-8507-d2d31f10d504,9c7c3729-4c4e-4c0a-a1ed-5c4a6eaaf85f,648.0,false
b33cdfc2-9959-4dae-9273-86cbc1b4f9e9,GBP,true,9e25419a-e37c-4320-8507-d2d31f10d504,2565b386-2ea6-41ea-bcb1-95dbe6be37e1,159.2,false
b36a2c81-b9bb-49bc-9422-743a33aac619,GBP,true,9e25419a-e37c-4320-8507-d2d31f10d504,3f698810-9057-478b-8e35-b24c9fc3374a,800.0,false
b407797f-3ce5-4ddf-b241-54e9c1bcd93c,GBP,true,9e25419a-e37c-4320-8507-d2d31f10d504,617cdbdb-6ec0-4ce4-ae68-dcb0269226aa,1520.0,false
b4ae2ad4-ec19-42ee-900e-f89a7fb73356,EUR,true,9e25419a-e37c-4320-8507-d2d31f10d504,b863a8f4-2af4-4713-89fe-e171ce6a9a95,2280.0,false
b518e86d-deac-4b65-b48a-24e3548b171a,EUR,true,9e25419a-e37c-4320-8507-d2d31f10d504,fc05e7cd-1dd3-44ac-a67f-86718e14e77d,731.025,false
b526ea57-5be9-45e0-836a-8f3e8b3bda5c,EUR,true,9e25419a-e37c-4320-8507-d2d31f10d504,32c2cd1a-426c-494a-b117-2e7e2fc52fd8,285.0,false
b5adfdd6-413b-43ff-88ee-9bd18624ef84,USD,true,9e25419a-e37c-4320-8507-d2d31f10d504,dca7fde9-8b84-4fbb-b759-e32e06ac1f45,0.0,false
b606e694-6f91-47a7-b892-e3d533608574,USD,true,9e25419a-e37c-4320-8507-d2d31f10d504,32c2cd1a-426c-494a-b117-2e7e2fc52fd8,300.0,false
b608531f-ee17-4371-bbdb-944e2b847e0b,GBP,true,9e25419a-e37c-4320-8507-d2d31f10d504,2e03b79a-2210-4257-89bc-8390345dc542,0.8,false
b696de70-6696-466a-9e11-527088607b3a,EUR,true,9e25419a-e37c-4320-8507-d2d31f10d504,1b84bff7-67f7-4583-9890-134810144cf1,498.75,false
b6b51922-f493-4fa0-bfdb-063ca8890f2a,USD,true,9e25419a-e37c-4320-8507-d2d31f10d504,926fe7ea-bde3-4cad-8ae4-d29bd9e9fde6,0.0,false
b6c692c5-ac8c-41e5-9b8e-79c94034fb9b,USD,true,9e25419a-e37c-4320-8507-d2d31f10d504,f5fd4bd9-9648-47fe-9aee-83cfa815ea9b,1855.0,false
b6cb8c6f-0203-4a72-9e1d-4365701ffb92,USD,true,9e25419a-e37c-4320-8507-d2d31f10d504,aa6ae394-bc3c-433c-82c6-6e42a5cb220d,100.0,false
b6f08ca5-0b4d-4d6c-bf39-0ac1ed86bfb8,AUD,true,9e25419a-e37c-4320-8507-d2d31f10d504,120fe777-5349-4012-8ac3-974e3c8eee57,34.75,false
b71885d0-65ce-410e-9f00-4af18fb7cc18,GBP,true,9e25419a-e37c-4320-8507-d2d31f10d504,9adf05af-f9b1-4f4f-b58e-fc02b4acf4f2,8.0,false
b7c659ba-49d1-4772-8a73-7bde7ac320b9,EUR,true,9e25419a-e37c-4320-8507-d2d31f10d504,c1fab896-893c-4bf6-a487-9b5c0e4c66ac,14250.0,false
b8154770-7ba1-478b-a8bd-02186e24d2d0,EUR,true,9e25419a-e37c-4320-8507-d2d31f10d504,9be80914-2067-4019-9e28-3375f9b45d92,9500.0,false
b86c09b3-9142-4a50-ba3f-5ac5b61f90e8,AUD,true,9e25419a-e37c-4320-8507-d2d31f10d504,fde8939d-27dc-473b-8300-9b78a7b13d15,11120.0,false
b8d9238d-a787-42f6-bec2-4019992925da,USD,true,9e25419a-e37c-4320-8507-d2d31f10d504,617cdbdb-6ec0-4ce4-ae68-dcb0269226aa,1900.0,false
b91c1070-581f-4fb3-80ee-95de94004178,EUR,true,9e25419a-e37c-4320-8507-d2d31f10d504,14882bbe-8db4-44ac-a94a-9285d8f1beb5,285.0,false
b94579d9-5a5a-42ee-834d-ccd1c3e6c1b9,GBP,true,9e25419a-e37c-4320-8507-d2d31f10d504,7f36b614-4d59-4cd6-920e-f0403f9c4d66,692.0,false
b96a4921-5129-455d-87ab-d16a3b585400,GBP,true,9e25419a-e37c-4320-8507-d2d31f10d504,97d6568f-4d8c-40a8-9ab7-af04a3ff05e0,40.0,false
b97caf11-908e-467b-afd4-b1e60816cb33,USD,true,9e25419a-e37c-4320-8507-d2d31f10d504,13839322-d7ad-4886-9183-5dbef28796e3,250.0,false
b99c9077-cc3a-4c17-9b5e-3b9170f5e907,AUD,true,9e25419a-e37c-4320-8507-d2d31f10d504,bd6a9fcf-e04f-4e36-9108-48e27c2475f0,2780.0,false
b9b5525f-daf6-4e1d-8dd8-f7440bac5fe8,USD,true,9e25419a-e37c-4320-8507-d2d31f10d504,9aa94daa-1783-47e3-b4f3-271f7988941d,99.0,false
baac69f0-7772-4e1f-8ee8-196e35ae134a,USD,true,9e25419a-e37c-4320-8507-d2d31f10d504,c043c1cc-f28d-41fb-89b5-1ee4a79210d2,1375.6,false
bb104fed-4f57-4484-8ef5-e88ebf0439c4,EUR,true,9e25419a-e37c-4320-8507-d2d31f10d504,eddbc801-1ba3-4a76-9457-37a8b5aa366b,76.0,false
bb5ec689-0332-4450-94ca-6c74320420ba,EUR,true,9e25419a-e37c-4320-8507-d2d31f10d504,4433dca7-141f-409d-915c-73bd623dd080,636.5,false
bb6af6a9-3a8d-41d9-8efa-17cf470d09fa,GBP,true,9e25419a-e37c-4320-8507-d2d31f10d504,4433dca7-141f-409d-915c-73bd623dd080,536.0,false
bc38c449-7965-43ef-b27e-25a887ec746d,AUD,true,9e25419a-e37c-4320-8507-d2d31f10d504,ba36e4a7-4dce-4d18-ba36-69f8069bed3f,708.9,false
bcd79507-e7f1-4ea5-894e-0ef9f475bbd9,EUR,true,9e25419a-e37c-4320-8507-d2d31f10d504,472455fc-798a-4794-bc42-8ff6d1696613,456.0,false
bdc7ca89-9a3c-4b14-8c12-543fdd12f332,EUR,true,9e25419a-e37c-4320-8507-d2d31f10d504,14c72aef-6d1b-412a-b594-d9154afe26b1,0.0,false
be24fe15-ea55-4af6-9846-ad302c21c317,USD,true,9e25419a-e37c-4320-8507-d2d31f10d504,cacb16ad-f1b3-4b57-a209-d38241ab00f3,0.0,false
beb9eeee-5f9f-41da-b9b0-8b8055fa564a,GBP,true,9e25419a-e37c-4320-8507-d2d31f10d504,f6fc82fe-e681-48a9-ac59-2a26f2428a92,80.0,false
bf6a7965-5542-447e-9fb1-7b599e8ebcdb,USD,true,9e25419a-e37c-4320-8507-d2d31f10d504,4433dca7-141f-409d-915c-73bd623dd080,670.0,false
bfa1180b-5426-4e5f-b1ce-e42964568624,AUD,true,9e25419a-e37c-4320-8507-d2d31f10d504,2b140127-961b-4d6c-80ee-02443bbcca15,20850.0,false
bfb13b37-9f7f-470a-aaba-66b892ab0513,AUD,true,9e25419a-e37c-4320-8507-d2d31f10d504,3f698810-9057-478b-8e35-b24c9fc3374a,1390.0,false
bfd8aa62-85e3-446c-9652-8bf7b9e26403,GBP,true,9e25419a-e37c-4320-8507-d2d31f10d504,6012d6a3-1ce1-41a7-b7fc-d3207eb5aae1,160.0,false
c05fa771-e4e5-4fc2-9d25-10c848f9535f,USD,true,9e25419a-e37c-4320-8507-d2d31f10d504,e8fc0332-6303-4368-926e-86605ef037f0,170.0,false
c09ec72a-7acc-4203-8150-7ecc39a5e962,USD,true,9e25419a-e37c-4320-8507-d2d31f10d504,88b634df-f1af-4105-b747-f3e5196e1edb,10000.0,false
c15d83ad-97dc-4e94-83aa-c244cdd91a20,GBP,true,9e25419a-e37c-4320-8507-d2d31f10d504,50f56e08-edd9-4c03-8a53-05eccd5300bc,440.0,false
c1a95a19-0f0a-44a9-9a2b-642581cfa959,USD,true,9e25419a-e37c-4320-8507-d2d31f10d504,70d5e872-c19c-4be6-afd4-8807cd731e53,5000.0,false
c1cfe82d-7629-4f21-b3ba-fbd58c995275,USD,true,9e25419a-e37c-4320-8507-d2d31f10d504,e212f912-d111-485a-8657-0ecf0b578c20,200.0,false
c252d885-fe84-46f6-be37-565121a3ac11,GBP,true,9e25419a-e37c-4320-8507-d2d31f10d504,7dd4e8b3-3b2e-489c-a31b-669aef971c7f,212.8,false
c28049df-925a-4f42-8f2d-9daec7d2aa08,USD,true,9e25419a-e37c-4320-8507-d2d31f10d504,d7bc575e-eba6-4927-af69-307b6950f943,25.0,false
c2bcc3b2-5993-4f3c-a7bf-8f31b1150dc9,AUD,true,9e25419a-e37c-4320-8507-d2d31f10d504,9b335ebd-128e-4fee-8097-11a92faa81c3,0.0,false
c31fec17-1fc3-44cb-a341-bd5388175db1,AUD,true,9e25419a-e37c-4320-8507-d2d31f10d504,c043c1cc-f28d-41fb-89b5-1ee4a79210d2,1912.084,false
c36e435a-d96f-487f-847b-91381e2c0a95,GBP,true,9e25419a-e37c-4320-8507-d2d31f10d504,70d5e872-c19c-4be6-afd4-8807cd731e53,4000.0,false
c3ebed9a-2f5d-4cc8-bd8c-a09c41f27b7b,USD,true,9e25419a-e37c-4320-8507-d2d31f10d504,7778e2a8-9a21-47ca-a426-6b9356f2cc1b,0.0,false
c496a3f7-cd4f-4e04-a81a-1c16a6a9c662,USD,true,9e25419a-e37c-4320-8507-d2d31f10d504,97d6568f-4d8c-40a8-9ab7-af04a3ff05e0,50.0,false
c4ad3c13-657a-4415-8b05-4b99c630dadc,GBP,true,9e25419a-e37c-4320-8507-d2d31f10d504,cc1ebaa0-2d5b-4af0-b6d4-28d7275300d2,1178.4,false
c4b29db1-222a-406f-b0c5-66e2ac0abf61,AUD,true,9e25419a-e37c-4320-8507-d2d31f10d504,4433dca7-141f-409d-915c-73bd623dd080,931.3,false
c4c8c359-a8a3-48fd-a7e0-146a862a8afa,GBP,true,9e25419a-e37c-4320-8507-d2d31f10d504,3623b53e-7881-4437-b335-1dde970550df,1600.0,false
c5e2debd-f27e-4b84-bbcb-4bcddc969073,AUD,true,9e25419a-e37c-4320-8507-d2d31f10d504,4d39ea07-9e7b-47dc-8f2f-d499db80324c,8340.0,false
c679e063-1595-4d45-a6e6-47162012027e,USD,true,9e25419a-e37c-4320-8507-d2d31f10d504,14c72aef-6d1b-412a-b594-d9154afe26b1,0.0,false
c6deb84d-dde9-470c-a04a-c6e01975c8bd,USD,true,9e25419a-e37c-4320-8507-d2d31f10d504,9adf05af-f9b1-4f4f-b58e-fc02b4acf4f2,10.0,false
c702fa6f-2af8-404e-84ce-899a791356c0,USD,true,9e25419a-e37c-4320-8507-d2d31f10d504,af817a0f-607f-45dc-8efe-6a0f742e8f1e,299.99,false
c73999cb-85bd-4a53-865e-a4a53fe7b480,AUD,true,9e25419a-e37c-4320-8507-d2d31f10d504,fe9a0e8b-b44f-4b05-b5b8-9d718d39b32d,139.0,false
c76349fe-c2a9-4167-81ed-0c283df3f313,AUD,true,9e25419a-e37c-4320-8507-d2d31f10d504,d7bc575e-eba6-4927-af69-307b6950f943,34.75,false
c7dff507-dc6c-47de-a231-c19e421ecfc5,USD,true,9e25419a-e37c-4320-8507-d2d31f10d504,3f698810-9057-478b-8e35-b24c9fc3374a,1000.0,false
c811f40a-24e0-4e52-9931-09b7488188bc,AUD,true,9e25419a-e37c-4320-8507-d2d31f10d504,c862d260-f72f-4fea-8f53-a2c9908cf78a,3336.0,false
c9b392f5-981e-46de-80e6-7b872d63b334,AUD,true,9e25419a-e37c-4320-8507-d2d31f10d504,97d6568f-4d8c-40a8-9ab7-af04a3ff05e0,69.5,false
ca40684f-53f5-4465-adc0-8d28b678c6ed,AUD,true,9e25419a-e37c-4320-8507-d2d31f10d504,74e38ee9-8904-4ea9-9ae3-a82e2b59d653,139.0,false
ca807493-1cdb-4c58-83d7-6095b9d87c6b,GBP,true,9e25419a-e37c-4320-8507-d2d31f10d504,04f976eb-9a78-4af7-bb37-5a97f896f9f8,420.0,false
cad50a74-f26f-4a10-a92a-62223e313a39,USD,true,9e25419a-e37c-4320-8507-d2d31f10d504,472455fc-798a-4794-bc42-8ff6d1696613,480.0,false
cb8a404c-cd11-4580-9f37-bf867b1ca02b,USD,true,9e25419a-e37c-4320-8507-d2d31f10d504,77991ee7-6e0a-4e5b-ab85-9f5761db6d57,600.0,false
cbc38fb0-4b5b-4048-982d-018f71968a95,AUD,true,9e25419a-e37c-4320-8507-d2d31f10d504,f5fd4bd9-9648-47fe-9aee-83cfa815ea9b,2578.45,false
cbfdb6ca-9aeb-4f26-957f-650b31a8d3fa,GBP,true,9e25419a-e37c-4320-8507-d2d31f10d504,0f8f7ee3-359d-41ab-a6fc-442944084978,356.8,false
cc899b8a-c253-4029-8dfd-cdff039e2a7a,USD,true,9e25419a-e37c-4320-8507-d2d31f10d504,4404aac8-0d87-476b-a4b6-1a5a3eaa43de,0.0,false
cd343c88-f5bc-48cc-909b-98fdfddb72a1,GBP,true,9e25419a-e37c-4320-8507-d2d31f10d504,e212f912-d111-485a-8657-0ecf0b578c20,160.0,false
cd72b990-5676-440e-a9fc-70aee27fba70,GBP,true,9e25419a-e37c-4320-8507-d2d31f10d504,ee0ed6b6-563e-4174-9b52-5cc761ff4393,800.0,false
cd7e1513-a33e-41e7-817c-2c4ecb4229e4,GBP,true,9e25419a-e37c-4320-8507-d2d31f10d504,4ca951a2-ca36-4252-833c-fde9976dce8b,14000.0,false
cd90e0f4-e7ce-412e-844d-e2c9eb8eda05,GBP,true,9e25419a-e37c-4320-8507-d2d31f10d504,cfcfe534-c704-4839-9e56-ebe6c94b966c,2319.2,false
cdbc2fe6-36bd-44d7-bac8-e55d29273440,USD,true,9e25419a-e37c-4320-8507-d2d31f10d504,7e95e44a-4b7d-40e0-b175-d54cce71af6f,2652.0,false
ce12d52e-4d33-437d-9ed6-a7256ecd4d66,AUD,true,9e25419a-e37c-4320-8507-d2d31f10d504,e212f912-d111-485a-8657-0ecf0b578c20,278.0,false
ce639ee0-5aaa-4216-8227-1254fdbae7c8,AUD,true,9e25419a-e37c-4320-8507-d2d31f10d504,f59e20fb-b31d-4e27-bf1c-de510c9bf47c,139.0,false
ce9dcb0d-e7b5-4d35-b49e-dbd6e144d18c,EUR,true,9e25419a-e37c-4320-8507-d2d31f10d504,5fb5a3e4-3f4d-484d-abf3-1eb0a5b313a1,379.05,false
cee6557d-cbb9-4ae8-9c18-1018f7b22433,USD,true,9e25419a-e37c-4320-8507-d2d31f10d504,29b4b0d0-12ef-4697-b0c4-fec35e105388,0.0,false
cf6bd4aa-294e-40a4-9c11-e36df714535f,GBP,true,9e25419a-e37c-4320-8507-d2d31f10d504,44d268b2-2506-4b82-bf0e-48e2a5121d9c,80.0,false
cf7bdfbb-321f-4153-917d-29b44273f7fd,AUD,true,9e25419a-e37c-4320-8507-d2d31f10d504,134190ab-33f1-4eec-b593-9c8e4e547f86,4170.0,false
cf8684d8-ca1e-43d2-be15-03f1b7829696,USD,true,9e25419a-e37c-4320-8507-d2d31f10d504,728d3c88-3855-4c86-96c3-18f841cf6708,2500.0,false
cf9c4dae-2e49-4ee4-9cbc-6709e9e6ed2c,AUD,true,9e25419a-e37c-4320-8507-d2d31f10d504,432fb8e4-e17b-404c-8a8c-321e1a968a4c,16680.0,false
d04e34c9-3028-4a7b-981d-826589dd4e45,USD,true,9e25419a-e37c-4320-8507-d2d31f10d504,78d420f6-6447-4162-b3af-d0e5f029489d,5000.0,false
d069dddf-5515-4f6d-9ac6-ec75373407d5,GBP,true,9e25419a-e37c-4320-8507-d2d31f10d504,0a536578-e1a8-447a-8e01-4773d319257a,1484.0,false
d0be56bc-36d9-4ec2-b68f-a2a86a44a10a,USD,true,9e25419a-e37c-4320-8507-d2d31f10d504,c6213570-14ae-4f40-94ad-ccfd207fc256,679.0,false
d0c63ee2-cd2d-495e-ae92-a1577fdd0d46,USD,true,9e25419a-e37c-4320-8507-d2d31f10d504,50831e62-b3ec-4bdd-a6d8-803872f93190,1790.0,false
d14f9ac7-33ae-4df2-89d9-07b3a3feca67,USD,true,9e25419a-e37c-4320-8507-d2d31f10d504,d4b09591-a66a-4f77-bdd8-ad3df4ff32df,100.0,false
d17a6411-b0b5-4619-8455-7d6beb8afcbb,EUR,true,9e25419a-e37c-4320-8507-d2d31f10d504,126e4393-c268-44ac-96e6-8f046ca86225,1710.0,false
d1b53622-ff47-4ece-a795-8df7876336cf,EUR,true,9e25419a-e37c-4320-8507-d2d31f10d504,cfcfe534-c704-4839-9e56-ebe6c94b966c,2754.05,false
d2bf546b-3bc2-4702-a94d-83691f955b1a,AUD,true,9e25419a-e37c-4320-8507-d2d31f10d504,d54b1f13-d7b6-4904-beec-1d5f30796ca5,16680.0,false
d355f06f-5063-433b-b64b-870f636b606e,AUD,true,9e25419a-e37c-4320-8507-d2d31f10d504,f3bda016-f62a-4299-8c59-61914b89418d,139.0,false
d3d82513-0499-4536-8230-367f11033da5,USD,true,9e25419a-e37c-4320-8507-d2d31f10d504,2711d4ae-cef9-4f69-926a-4872e52dcb84,41.0,false
d45057e9-4d89-412a-951c-091c0ee2ceb8,EUR,true,9e25419a-e37c-4320-8507-d2d31f10d504,8ad5e0cb-d181-4e1e-a404-c8ce827c7a2f,0.0,false
d4542979-7d45-47f6-86de-afdb01530265,GBP,true,9e25419a-e37c-4320-8507-d2d31f10d504,50831e62-b3ec-4bdd-a6d8-803872f93190,1432.0,false
d472f864-c45a-4a1a-9aab-7c8fabb50a5a,USD,true,9e25419a-e37c-4320-8507-d2d31f10d504,c15a7152-c7f6-4c5f-946f-75ada0391fcf,1122.0,false
d4bcc4c0-4ee8-4cd9-889c-04590bcd37b9,GBP,true,9e25419a-e37c-4320-8507-d2d31f10d504,a74e1e8b-71ab-40b5-8a76-e0349b0712e8,80.0,false
d4fb0bc1-90af-4b5d-8cc6-f68a0e45dd65,AUD,true,9e25419a-e37c-4320-8507-d2d31f10d504,d1d61cf5-0aa6-42da-8ec4-9420ef80f611,208.5,false
d5368d61-b709-4aee-bac9-e7af8b8d6202,GBP,true,9e25419a-e37c-4320-8507-d2d31f10d504,f8d4ec82-314d-44d1-90be-8baf47ad5425,80.0,false
d59d8609-cbed-4ab9-a119-000727182182,GBP,true,9e25419a-e37c-4320-8507-d2d31f10d504,b863a8f4-2af4-4713-89fe-e171ce6a9a95,1920.0,false
d5f1ca52-8f17-47ec-b90d-b28735b53d82,EUR,true,9e25419a-e37c-4320-8507-d2d31f10d504,a104a592-5778-4bb6-9fa3-04dfb953226c,237.5,false
d653d4b0-f1ce-4598-b834-26a72f814ab1,GBP,true,9e25419a-e37c-4320-8507-d2d31f10d504,126e4393-c268-44ac-96e6-8f046ca86225,1440.0,false
d65be465-3f7b-4ad3-ba3d-799108dcc3af,AUD,true,9e25419a-e37c-4320-8507-d2d31f10d504,5fc62811-3e6c-491f-8f04-67c3ea5680db,208.5,false
d73a8071-3c8e-4e6a-be5f-3a9b3e7fcf7d,USD,true,9e25419a-e37c-4320-8507-d2d31f10d504,636a5450-17ce-4d4b-a242-b1e65bdb7d86,199.0,false
d76084ec-1205-447c-8618-5fc036861d7e,AUD,true,9e25419a-e37c-4320-8507-d2d31f10d504,01e62795-f515-4e24-9ed5-50b17c1e08f3,312.75,false
d779ea0e-867f-4250-b273-e8b95077614a,AUD,true,9e25419a-e37c-4320-8507-d2d31f10d504,580262f5-f63a-40dd-a218-3bf65487af54,16.68,false
d79f9384-bf00-4732-8e04-b3aed46437cb,USD,true,9e25419a-e37c-4320-8507-d2d31f10d504,c7d56634-c54c-449c-b0bc-19b3793223df,2412.0,false
d7be1422-f52b-4d1d-ab7a-9f3a4b0460ea,GBP,true,9e25419a-e37c-4320-8507-d2d31f10d504,8a4023eb-733b-4e5f-acdf-60b9469a768e,200.0,false
d8f970df-ce81-40ab-a0b8-bd0d9af212f5,EUR,true,9e25419a-e37c-4320-8507-d2d31f10d504,c6213570-14ae-4f40-94ad-ccfd207fc256,645.05,false
d9b61b87-c986-4353-a18f-fcfb48db0cce,EUR,true,9e25419a-e37c-4320-8507-d2d31f10d504,2b140127-961b-4d6c-80ee-02443bbcca15,14250.0,false
d9f90f55-8c54-41b3-a18b-1d0877f1bc17,GBP,true,9e25419a-e37c-4320-8507-d2d31f10d504,f39154d3-260b-48b3-b562-61a24d5eeb9d,244.0,false
dacb5399-3814-4018-8cec-879d567da45d,EUR,true,9e25419a-e37c-4320-8507-d2d31f10d504,a760c6a7-9226-4ada-a75b-48f58e8b258e,1456.35,false
dae6483e-45cc-4308-98d2-73523d9234c7,EUR,true,9e25419a-e37c-4320-8507-d2d31f10d504,7c2c2842-78c5-4562-9c4e-4c422d31546b,0.0,false
db5a656e-d412-4595-9346-ad4750475270,EUR,true,9e25419a-e37c-4320-8507-d2d31f10d504,73e51c84-8158-44bc-a7b2-0eb1255dabb8,8075.0,false
dbd089a6-b374-46e0-9aeb-5b7076af0b27,AUD,true,9e25419a-e37c-4320-8507-d2d31f10d504,f7b268fd-e330-4298-8f01-65674b454f21,34750.0,false
dc60d2f6-7b24-445e-aa4e-c9d7bca20f76,AUD,true,9e25419a-e37c-4320-8507-d2d31f10d504,7187c547-16cc-4d69-89f0-7b0dcb925e80,3686.28,false
de895fb4-2db9-4585-a9f2-8dbd1c69ada5,USD,true,9e25419a-e37c-4320-8507-d2d31f10d504,7bb72fbf-6c76-4f1e-b265-ab488af9c2d3,159.0,false
df6efda5-ab15-4ab8-bdce-94272e93941a,GBP,true,9e25419a-e37c-4320-8507-d2d31f10d504,46c49090-b198-4a4d-9877-76e374bf1cd3,139.2,false
dfbc0860-a464-4ba1-8eda-61d5e0df8cbf,USD,true,9e25419a-e37c-4320-8507-d2d31f10d504,5fc62811-3e6c-491f-8f04-67c3ea5680db,150.0,false
dfe38f04-0894-474e-89fd-2ce1093722b9,GBP,true,9e25419a-e37c-4320-8507-d2d31f10d504,f5fd4bd9-9648-47fe-9aee-83cfa815ea9b,1484.0,false
dff40ada-d260-4294-991d-94a6d7c5169d,USD,true,9e25419a-e37c-4320-8507-d2d31f10d504,af8aec49-2e9a-4cdf-8efb-093fff14d741,5000.0,false
e04c9dee-0e17-4c18-a86b-25421d89c18e,USD,true,9e25419a-e37c-4320-8507-d2d31f10d504,8a163235-4335-43af-9fb9-48ecdb69ee66,500.0,false
e0a61720-eb05-4b0e-8866-df4d1a0df929,GBP,true,9e25419a-e37c-4320-8507-d2d31f10d504,c6213570-14ae-4f40-94ad-ccfd207fc256,543.2,false
e0f477f7-9c76-423e-bedf-8c76a76ba125,EUR,true,9e25419a-e37c-4320-8507-d2d31f10d504,66973606-e9b9-4f41-bacd-48e4878af41f,0.0,false
e12695e7-0e32-4619-8f69-992ca5d12a13,AUD,true,9e25419a-e37c-4320-8507-d2d31f10d504,77991ee7-6e0a-4e5b-ab85-9f5761db6d57,834.0,false
e13d9d05-26dc-48af-8718-f081e270cad6,USD,true,9e25419a-e37c-4320-8507-d2d31f10d504,2565b386-2ea6-41ea-bcb1-95dbe6be37e1,199.0,false
e15ae6f5-2349-4074-ae8d-850fe9b15d76,EUR,true,9e25419a-e37c-4320-8507-d2d31f10d504,af2d9b54-fb22-41fe-a86c-44ac1460832d,12.35,false
e2220a94-1518-445a-a7a1-868f4981f44b,AUD,true,9e25419a-e37c-4320-8507-d2d31f10d504,9d119168-896c-45f7-92f1-1ff19bab8acf,50.04,false
e2d22b3a-0fb2-4d8b-8bd8-272ac110778d,USD,true,9e25419a-e37c-4320-8507-d2d31f10d504,9be029d6-14d0-4120-917f-cbf91375b829,200.0,false
e3bdc978-765e-45a9-8651-2501e8cf66bc,USD,true,9e25419a-e37c-4320-8507-d2d31f10d504,1e654a9e-9e39-4e0c-84d9-6f270841b9fb,299.0,false
e3c814ec-523d-4d27-b1eb-390dd5029b56,USD,true,9e25419a-e37c-4320-8507-d2d31f10d504,74e38ee9-8904-4ea9-9ae3-a82e2b59d653,100.0,false
e4a18603-b5cc-402f-a1d6-9c6ec5f3aacd,EUR,true,9e25419a-e37c-4320-8507-d2d31f10d504,2711d4ae-cef9-4f69-926a-4872e52dcb84,38.95,false
e617c235-cf6f-4f65-b2b1-11df28e770e1,GBP,true,9e25419a-e37c-4320-8507-d2d31f10d504,d1373833-18ed-4e87-9366-d22b01eada55,0.0,false
e639428b-cf14-4f77-b37e-205077a6b314,USD,true,9e25419a-e37c-4320-8507-d2d31f10d504,fe9a0e8b-b44f-4b05-b5b8-9d718d39b32d,100.0,false
e655d090-6d51-4bad-b48b-cb8a57f4e0d2,EUR,true,9e25419a-e37c-4320-8507-d2d31f10d504,7187c547-16cc-4d69-89f0-7b0dcb925e80,2519.4,false
e676eb64-f401-4592-a760-76c76375b2e4,AUD,true,9e25419a-e37c-4320-8507-d2d31f10d504,d4b09591-a66a-4f77-bdd8-ad3df4ff32df,139.0,false
e75eaa15-27cf-4de2-8ad6-a6d24d701e23,GBP,true,9e25419a-e37c-4320-8507-d2d31f10d504,c1fab896-893c-4bf6-a487-9b5c0e4c66ac,12000.0,false
e776f8a7-c5c1-4b1e-b75e-cfb88a5c0a2a,AUD,true,9e25419a-e37c-4320-8507-d2d31f10d504,f1293b13-181f-43d6-95f0-8820ace7b1b3,1611.01,false
e8288c72-d43d-4253-b2de-4f5575f55aa2,EUR,true,9e25419a-e37c-4320-8507-d2d31f10d504,efb44851-c905-487b-97d6-e6ea5a7ebb27,95.0,false
e9e47170-7c0a-4525-8a4f-5dc88177f6e6,GBP,true,9e25419a-e37c-4320-8507-d2d31f10d504,19c8c7c5-7773-4c36-b824-17028e4e227b,196.0,false
ea358892-f79f-4720-ba98-15e312e5f4d1,GBP,true,9e25419a-e37c-4320-8507-d2d31f10d504,cacb16ad-f1b3-4b57-a209-d38241ab00f3,0.0,false
eaab0d17-c154-4898-94cd-2c53d206347b,USD,true,9e25419a-e37c-4320-8507-d2d31f10d504,6012d6a3-1ce1-41a7-b7fc-d3207eb5aae1,200.0,false
ead645ff-4405-458d-b8f9-518de81a8985,GBP,true,9e25419a-e37c-4320-8507-d2d31f10d504,37e7db78-8aac-406d-abb4-556ffd761045,200.0,false
eb0cf751-eb11-47c2-a412-050b6c34f2c9,GBP,true,9e25419a-e37c-4320-8507-d2d31f10d504,fe9a0e8b-b44f-4b05-b5b8-9d718d39b32d,80.0,false
eb7f6d71-5492-4ccb-b8c5-7512692a1893,AUD,true,9e25419a-e37c-4320-8507-d2d31f10d504,bdbf266e-fd4e-4ebc-ac9f-9641869076bd,0.0,false
eba1a2ca-879e-4198-a04c-7378d97fba42,GBP,true,9e25419a-e37c-4320-8507-d2d31f10d504,2711d4ae-cef9-4f69-926a-4872e52dcb84,32.8,false
ec085053-7e73-4c9a-8e80-53354c775740,EUR,true,9e25419a-e37c-4320-8507-d2d31f10d504,580262f5-f63a-40dd-a218-3bf65487af54,11.4,false
ec4f0e00-1fbf-4039-8645-9bf0201dbd05,AUD,true,9e25419a-e37c-4320-8507-d2d31f10d504,af8aec49-2e9a-4cdf-8efb-093fff14d741,6950.0,false
ec8cab16-046c-4494-a61e-3e2dbe31c1ce,GBP,true,9e25419a-e37c-4320-8507-d2d31f10d504,98063f39-08d6-4781-80b7-1edc15a977ce,1600.0,false
ecb70580-6ae7-4179-9bac-41f44bcd0946,GBP,true,9e25419a-e37c-4320-8507-d2d31f10d504,7d9b4d6f-83fb-48bf-a04d-5731b7844f1a,420.0,false
ecc81b6b-caf0-4874-b920-ac891da1930e,EUR,true,9e25419a-e37c-4320-8507-d2d31f10d504,c862d260-f72f-4fea-8f53-a2c9908cf78a,2280.0,false
eccd4bff-474e-4d20-b8e5-c95ea27bbf55,GBP,true,9e25419a-e37c-4320-8507-d2d31f10d504,0c7c1010-a3b9-4da1-b015-f86352101a85,200.0,false
ecd0bfa5-2f8c-4c20-ae1d-cf7331a05bbb,AUD,true,9e25419a-e37c-4320-8507-d2d31f10d504,8ad5e0cb-d181-4e1e-a404-c8ce827c7a2f,0.0,false
ed145404-3c9c-456d-b682-2454771f07fe,AUD,true,9e25419a-e37c-4320-8507-d2d31f10d504,eddbc801-1ba3-4a76-9457-37a8b5aa366b,111.2,false
ed6b1e75-8b88-4787-a2aa-412a2c382f88,EUR,true,9e25419a-e37c-4320-8507-d2d31f10d504,9b335ebd-128e-4fee-8097-11a92faa81c3,0.0,false
edc8adb8-f31f-4570-a895-42b21e7d8d19,GBP,true,9e25419a-e37c-4320-8507-d2d31f10d504,ba36e4a7-4dce-4d18-ba36-69f8069bed3f,408.0,false
ee59b911-187e-4621-b8b0-78d11851b245,GBP,true,9e25419a-e37c-4320-8507-d2d31f10d504,77991ee7-6e0a-4e5b-ab85-9f5761db6d57,480.0,false
ef0c8e45-96ad-4560-ba38-69592707ac9d,EUR,true,9e25419a-e37c-4320-8507-d2d31f10d504,8a163235-4335-43af-9fb9-48ecdb69ee66,475.0,false
ef453fbc-4fdd-4023-8b96-14d4e017489e,GBP,true,9e25419a-e37c-4320-8507-d2d31f10d504,432fb8e4-e17b-404c-8a8c-321e1a968a4c,9600.0,false
f04f6c4f-424b-48c5-8bf8-d88478387c0b,USD,true,9e25419a-e37c-4320-8507-d2d31f10d504,80f0e5b4-4ed9-4f50-8c53-97fe1e532b3b,5000.0,false
f100b475-f8fc-458c-af47-d4f2843540f8,AUD,true,9e25419a-e37c-4320-8507-d2d31f10d504,09ff37cf-3a26-4207-b3da-87724a050222,139.0,false
f1291d50-7432-42fe-9901-79f741442d92,USD,true,9e25419a-e37c-4320-8507-d2d31f10d504,c078e8cd-75a0-4f52-9b42-f1a9a6312b36,2000.0,false
f15cc4fc-cde0-4940-9630-12ac422eab73,GBP,true,9e25419a-e37c-4320-8507-d2d31f10d504,13839322-d7ad-4886-9183-5dbef28796e3,150.0,false
f1b4c1e2-9a95-45c4-9d7f-c3ee43d8c720,USD,true,9e25419a-e37c-4320-8507-d2d31f10d504,5fb5a3e4-3f4d-484d-abf3-1eb0a5b313a1,399.0,false
f2e4faef-477c-405d-9cf0-a2af3335db75,USD,true,9e25419a-e37c-4320-8507-d2d31f10d504,5003bce8-a320-41b2-8773-78601530b72b,60.0,false
f2f7ad03-26d0-4132-87d6-9811815ebe69,EUR,true,9e25419a-e37c-4320-8507-d2d31f10d504,d7a875f1-1bda-4334-bfcc-dc3a4f33d342,633.1655,false
f33795d6-04c2-421d-bbd8-6a0bfea35992,USD,true,9e25419a-e37c-4320-8507-d2d31f10d504,66973606-e9b9-4f41-bacd-48e4878af41f,0.0,false
f3c9dfa5-3e26-4edd-928b-53d8f0a7984f,USD,true,9e25419a-e37c-4320-8507-d2d31f10d504,37e7db78-8aac-406d-abb4-556ffd761045,250.0,false
f4b77dcd-705d-44f3-ad81-c45ed6ce004f,AUD,true,9e25419a-e37c-4320-8507-d2d31f10d504,2caf72d3-d00c-484a-aa56-cfc18f48e6e4,7810.0347,false
f68ab2c2-3496-41c8-ba66-5236f1edb2fe,AUD,true,9e25419a-e37c-4320-8507-d2d31f10d504,13839322-d7ad-4886-9183-5dbef28796e3,347.5,false
f6cd5f2f-d2ec-48ca-a1d6-4bde58ab919a,EUR,true,9e25419a-e37c-4320-8507-d2d31f10d504,50831e62-b3ec-4bdd-a6d8-803872f93190,1700.5,false
f70732ab-26fa-4809-8d42-dae34fc665b3,GBP,true,9e25419a-e37c-4320-8507-d2d31f10d504,8dade82b-383f-4925-8414-2601290c5ff9,100.0,false
f7933d7c-d23d-4805-9d2b-2c837040cfbc,EUR,true,9e25419a-e37c-4320-8507-d2d31f10d504,50f56e08-edd9-4c03-8a53-05eccd5300bc,522.5,false
f7fc7034-aa98-4c48-bc1f-e5965aaa38f8,EUR,true,9e25419a-e37c-4320-8507-d2d31f10d504,cd5526e1-e2a8-4d16-a60c-38b3742e7b3a,4.75,false
f887b952-f387-4260-938e-21ff0d4e11b0,USD,true,9e25419a-e37c-4320-8507-d2d31f10d504,7f36b614-4d59-4cd6-920e-f0403f9c4d66,865.0,false
f8f22bdb-f7e0-4f49-926c-de07bb5d7950,GBP,true,9e25419a-e37c-4320-8507-d2d31f10d504,660f2037-8734-4cda-b939-905e194c2192,80.0,false
f91ee2ef-cc91-4f43-ad90-bc73f2fbaa50,AUD,true,9e25419a-e37c-4320-8507-d2d31f10d504,7c2c2842-78c5-4562-9c4e-4c422d31546b,0.0,false
f9272a79-1fc2-4f6c-9765-12d264afdee4,USD,true,9e25419a-e37c-4320-8507-d2d31f10d504,4d39ea07-9e7b-47dc-8f2f-d499db80324c,6000.0,false
f93114f5-df3e-4210-8a60-3abbb1e5087b,EUR,true,9e25419a-e37c-4320-8507-d2d31f10d504,9c7c3729-4c4e-4c0a-a1ed-5c4a6eaaf85f,769.5,false
f9719174-b6f6-4895-9eea-5e3240cf7705,GBP,true,9e25419a-e37c-4320-8507-d2d31f10d504,9d119168-896c-45f7-92f1-1ff19bab8acf,28.8,false
f9a63c02-2e30-478e-b643-4e8afe5aa4fa,AUD,true,9e25419a-e37c-4320-8507-d2d31f10d504,5ffa7078-a48b-4b8a-9849-6f1b767eeec3,695.0,false
f9abb6f2-0513-43ac-84c8-88b3ca8baebc,USD,true,9e25419a-e37c-4320-8507-d2d31f10d504,45428b99-1e27-4bbc-b90c-3febcf7472e6,20000.0,false
f9d2de45-9d28-494f-a6d6-3585373350d0,EUR,true,9e25419a-e37c-4320-8507-d2d31f10d504,38db2d02-9149-4f7e-946f-c3e0ef1a756d,240.35,false
fa0bd8ea-bb65-4e1a-9ae5-76ce7a635f47,AUD,true,9e25419a-e37c-4320-8507-d2d31f10d504,9be80914-2067-4019-9e28-3375f9b45d92,13900.0,false
fb48a17d-f318-461f-bea4-1714a43dcde3,EUR,true,9e25419a-e37c-4320-8507-d2d31f10d504,7778e2a8-9a21-47ca-a426-6b9356f2cc1b,0.0,false
fc0ca253-4c5c-4269-8770-e712424b68a6,EUR,true,9e25419a-e37c-4320-8507-d2d31f10d504,8b298ee8-15cb-44fa-b157-a91802c6649a,7.5525,false
fc122c4d-a507-4680-9251-fc6232c5aaa0,AUD,true,9e25419a-e37c-4320-8507-d2d31f10d504,14c3a032-2a17-4fb5-bf6f-35afba74c178,20.85,false
fc3c5751-8157-4094-958f-b089d93c017a,GBP,true,9e25419a-e37c-4320-8507-d2d31f10d504,f59e20fb-b31d-4e27-bf1c-de510c9bf47c,80.0,false
fc4aad5d-a775-461e-b61f-edc3c612ef1d,AUD,true,9e25419a-e37c-4320-8507-d2d31f10d504,4ca951a2-ca36-4252-833c-fde9976dce8b,24325.0,false
fd5ba339-e0aa-4a32-8cbe-1aec9c0be375,AUD,true,9e25419a-e37c-4320-8507-d2d31f10d504,c15a7152-c7f6-4c5f-946f-75ada0391fcf,1559.58,false
fd7b17b9-7331-43d3-b93a-4021676cfaee,AUD,true,9e25419a-e37c-4320-8507-d2d31f10d504,cd5526e1-e2a8-4d16-a60c-38b3742e7b3a,6.95,false
fe2259a4-7b16-4722-a3e1-8acb62ed926d,AUD,true,9e25419a-e37c-4320-8507-d2d31f10d504,9c7c3729-4c4e-4c0a-a1ed-5c4a6eaaf85f,1125.9,false
fe74ccdc-933a-48ae-943a-063d4ea64beb,AUD,true,9e25419a-e37c-4320-8507-d2d31f10d504,f8046556-8ae6-46ca-9cd8-a6f641816524,33360.0,false
fef3c76f-8d2c-4984-b3f4-332c56680b6d,AUD,true,9e25419a-e37c-4320-8507-d2d31f10d504,7dd4e8b3-3b2e-489c-a31b-669aef971c7f,369.74,false
fef4b23b-ed70-42b6-a1dc-4acb8330fcf5,GBP,true,9e25419a-e37c-4320-8507-d2d31f10d504,7c2c2842-78c5-4562-9c4e-4c422d31546b,0.0,false
fefd6c41-88cd-44d3-818d-9eb09f1bf468,USD,true,9e25419a-e37c-4320-8507-d2d31f10d504,cc1ebaa0-2d5b-4af0-b6d4-28d7275300d2,1473.0,false
ff06a443-f073-44ed-99b1-a8d06ab02ebe,GBP,true,9e25419a-e37c-4320-8507-d2d31f10d504,c043c1cc-f28d-41fb-89b5-1ee4a79210d2,1100.48,false
ff2998a1-6947-4245-955b-0402cafe25ce,EUR,true,9e25419a-e37c-4320-8507-d2d31f10d504,6f7850b8-33de-4402-8c55-165f1b447820,13300.0,false
ff74889f-61eb-43ca-8595-b350e9d7d422,GBP,true,9e25419a-e37c-4320-8507-d2d31f10d504,bdbf266e-fd4e-4ebc-ac9f-9641869076bd,0.0,false
ffdc2701-d6bc-4910-b3c7-1405b5dfc05e,AUD,true,9e25419a-e37c-4320-8507-d2d31f10d504,6cf224a1-eae0-453f-9773-b11bb406b094,619.94,false
