"Guid","CurrencyIsoCode","Name","SBQQ__DiscountAmount__c","SBQQ__Discount__c","SBQQ__LowerBound__c","SBQQ__Number__c","SBQQ__Price__c","SBQQ__Schedule__c","SBQQ__UpperBound__c"
018d2e00-c013-4f10-a755-cb2b2d88850a,EUR,Up to 250,0.0,0.0,0.0,1.0,"#N/A",5bd91d3c-1ecc-41d6-a024-281275bf1b6e,1.0
037cfb3a-8de9-41ff-8e46-55f14547cb4c,USD,Included,0.0,100.0,0.0,1.0,"#N/A",0dc28f3e-bc57-4e8f-90e3-a0d70cf19a67,1000.0
08b94a45-f0c7-4169-8b33-6aad02c6d154,USD,Tier 2,"#N/A",10.0,2000.0,3.0,"#N/A",0dc28f3e-bc57-4e8f-90e3-a0d70cf19a67,5000.0
08cd30d1-0a49-4ae0-92e8-8bd6722393ad,EUR,250 to 500,0.0,10.0,1.0,2.0,"#N/A",5bd91d3c-1ecc-41d6-a024-281275bf1b6e,501.0
09ebbb44-39a7-44df-a479-987b08d6fa69,USD,501-1000,"#N/A",15.0,501.0,6.0,"#N/A",f59ec8fe-ff07-414e-af3c-ab751dbb7125,1001.0
0dfbd4ec-f588-431b-8fdc-4b8337165782,GBP,Tier 2,0.0,10.0,2000.0,3.0,"#N/A",2895b29d-d0a0-4266-98ee-5dd6c1b99d96,5000.0
11332692-d131-4443-aa83-f3885905d057,USD,501 to 1000,-312.05,33.0,501.0,3.0,"#N/A",ddf49b5d-144a-4751-a4ab-15af97947801,1001.0
14e12e88-eb85-47fe-855f-52d89729145b,EUR,Tier 2,0.0,10.0,2000.0,3.0,"#N/A",2895b29d-d0a0-4266-98ee-5dd6c1b99d96,5000.0
16cffc1f-1573-413d-891e-8c1dd70b1eca,USD,Tier 3,"#N/A",20.0,5000.0,4.0,"#N/A",8fdc549f-65a4-4516-9c82-801d54748b25,10000.0
193c592c-32d1-47bc-ad5d-6900c22f6883,USD,5 Year +,"#N/A",25.0,49.0,5.0,"#N/A",0748028b-2d3e-4bb6-82ea-4ff023351f1f,"#N/A"
1985f6b7-f311-4a5c-b20a-b86812ffd893,USD,2 Year,"#N/A",5.0,13.0,2.0,"#N/A",0748028b-2d3e-4bb6-82ea-4ff023351f1f,25.0
1d088062-fbb3-4e62-967a-74832589f69a,USD,250 to 500,5.01,10.0,1.0,2.0,"#N/A",5bd91d3c-1ecc-41d6-a024-281275bf1b6e,501.0
1fd42f66-6b83-43bd-b897-a8682eab5726,USD,Tier 1,0.0,0.0,1000.0,2.0,"#N/A",6a7f166e-9485-4b87-a78b-f574270251fb,2000.0
20e64831-a7fd-419c-8c5d-30e206c852d4,USD,Included,0.0,100.0,0.0,1.0,"#N/A",8fdc549f-65a4-4516-9c82-801d54748b25,1000.0
215f3d35-e977-4c1a-93a2-93fb3adca542,EUR,501 to 1000,0.0,33.0,501.0,3.0,"#N/A",ddf49b5d-144a-4751-a4ab-15af97947801,1001.0
21c11a17-9e12-4fec-b60d-8def3dd1c961,USD,Up to 250,"#N/A",0.0,0.0,1.0,"#N/A",deea2258-7609-49f7-8571-89504f03627b,250.0
21e05fa9-70f8-46d1-a316-7801f8dfe02c,USD,Up to 250,0.0,0.0,0.0,1.0,"#N/A",0e0a5306-fab3-46c1-902c-2c54f6b64055,250.0
22a60d0a-97d8-4c0b-a83f-b398b639b1f3,USD,2001+,"#N/A",70.0,2001.0,5.0,"#N/A",95ed080c-d717-4147-a04f-12c5ce3f77ae,"#N/A"
2432d590-dac9-4974-9b12-95b2f3514cac,USD,250 to 500,-302.05,10.0,250.0,2.0,"#N/A",ddf49b5d-144a-4751-a4ab-15af97947801,501.0
244c4d55-c9d0-43d9-87a3-5c848e32e58f,USD,2001+,0.0,70.0,2001.0,5.0,"#N/A",5ad53bac-5f8e-41dd-8922-b40282a9167f,"#N/A"
26bb9c5e-489c-4591-b993-a218bfe0f134,USD,Up to 250,0.0,0.0,0.0,1.0,"#N/A",5bd91d3c-1ecc-41d6-a024-281275bf1b6e,1.0
2aaeb19c-2814-4554-819e-7220e2be4905,USD,Tier 1,-0.1200000000000001,0.0,1000.0,2.0,"#N/A",2895b29d-d0a0-4266-98ee-5dd6c1b99d96,2000.0
2ba8807e-3067-42af-914a-f9b25c09fe4e,USD,1 Year,"#N/A",0.0,0.0,1.0,"#N/A",0748028b-2d3e-4bb6-82ea-4ff023351f1f,13.0
2bcf15a7-49c6-43aa-8ffa-1d81af2d91b0,USD,Tier 2,-0.3999999999999999,10.0,2000.0,3.0,"#N/A",2895b29d-d0a0-4266-98ee-5dd6c1b99d96,5000.0
2c28183f-ce5a-48c7-a89c-b0200abe79e3,AUD,2001+,0.0,70.0,2001.0,5.0,"#N/A",5bd91d3c-1ecc-41d6-a024-281275bf1b6e,"#N/A"
2caa4a14-c04c-4953-8bf0-7812dca77390,AUD,501 to 1000,0.0,33.0,501.0,3.0,"#N/A",5bd91d3c-1ecc-41d6-a024-281275bf1b6e,1001.0
2eed6008-0781-4918-b249-b47c4e3e864f,USD,501 to 1000,5.75,33.0,501.0,3.0,"#N/A",5bd91d3c-1ecc-41d6-a024-281275bf1b6e,1001.0
30a2ff72-0315-490a-9c3b-e94ccb4f261d,USD,2001+,-332.05,70.0,2001.0,5.0,"#N/A",ddf49b5d-144a-4751-a4ab-15af97947801,"#N/A"
31d7b4fe-d057-404a-9ce8-a61dcdf2c96b,USD,Tier 4,"#N/A",25.0,10000.0,5.0,"#N/A",b2ddcf2c-1063-4b2f-9412-6f1f995db6cb,"#N/A"
31f4d8fd-4a5e-46c3-8e0b-e713c0069894,USD,501 to 1000,0.0,33.0,501.0,3.0,"#N/A",5ad53bac-5f8e-41dd-8922-b40282a9167f,1001.0
336a4789-d45e-4bfd-bc46-ef8773be8987,USD,250 to 500,0.0,10.0,250.0,2.0,"#N/A",698029ba-2312-4ca7-8008-69dbab91a73b,501.0
35a04e7a-d842-4700-bd10-2f81ffa64a24,USD,3 Year,"#N/A",10.0,25.0,3.0,"#N/A",0748028b-2d3e-4bb6-82ea-4ff023351f1f,37.0
3a1d9ec2-1def-4bdb-9531-9a7fae3ffd35,USD,Up to 250,"#N/A",0.0,0.0,1.0,"#N/A",95ed080c-d717-4147-a04f-12c5ce3f77ae,250.0
3cdf41ce-5d4e-4d5c-96cd-f5611404752d,USD,Tier 3,"#N/A",20.0,5000.0,4.0,"#N/A",0dc28f3e-bc57-4e8f-90e3-a0d70cf19a67,10000.0
3ce4d2a4-455a-455d-89e0-ab727e3acd91,GBP,Tier 3,0.0,20.0,5000.0,4.0,"#N/A",2895b29d-d0a0-4266-98ee-5dd6c1b99d96,10000.0
3ef92314-8060-48a6-9978-133d76623269,USD,1001 to 2000,"#N/A",66.0,1001.0,4.0,"#N/A",deea2258-7609-49f7-8571-89504f03627b,2001.0
4071be6f-d799-4d38-aff8-e4c026eb80b0,USD,1,"#N/A",0.0,1.0,1.0,"#N/A",496146d4-0cee-4ee2-a028-a4c8173276b2,6.0
410514e7-1d11-42b2-9d5a-d628184c9835,GBP,PLatform,0.0,100.0,0.0,1.0,"#N/A",2895b29d-d0a0-4266-98ee-5dd6c1b99d96,1000.0
4620d1dc-b5d2-429a-b8e5-25bd91bc1682,USD,1001 to 2000,0.0,66.0,1001.0,4.0,"#N/A",79110b7e-63cc-4797-8816-47ec28659349,2001.0
46536f84-5cb7-4116-ba22-d57d4c3875f0,USD,Up to 250,"#N/A",0.0,0.0,1.0,"#N/A",5bcdbed8-735c-4dea-98c4-af90b31f327e,250.0
4acb3275-00bb-40f0-8689-47db650412ad,USD,1001 to 2000,"#N/A",66.0,1001.0,4.0,"#N/A",5bcdbed8-735c-4dea-98c4-af90b31f327e,2001.0
4bc58061-b548-426d-aa39-dd1202b66cf4,USD,51+ Units,"#N/A",20.0,51.0,3.0,"#N/A",64da79b7-edd4-4ad2-848e-04a60b1c63b8,"#N/A"
4c4c202b-37b7-4a2f-ba9a-45146bfc24c3,USD,Tier 3,-0.5,20.0,5000.0,4.0,"#N/A",2895b29d-d0a0-4266-98ee-5dd6c1b99d96,10000.0
4df54059-0c54-42b8-8177-f0886871672f,USD,501 to 1000,0.0,33.0,501.0,3.0,"#N/A",79110b7e-63cc-4797-8816-47ec28659349,1001.0
4f0744a6-3fbb-4cd0-b264-f5afc0d03fb1,USD,Tier 2,"#N/A",10.0,2000.0,3.0,"#N/A",b2ddcf2c-1063-4b2f-9412-6f1f995db6cb,5000.0
5066ad0e-a6fa-4ca9-94c8-c148b23a4cdb,USD,501 to 1000,0.0,33.0,501.0,3.0,"#N/A",698029ba-2312-4ca7-8008-69dbab91a73b,1001.0
51c592b0-1f4f-4d00-a88b-6c82ae942df8,USD,Tier 4,-0.6000000000000001,25.0,10000.0,5.0,"#N/A",2895b29d-d0a0-4266-98ee-5dd6c1b99d96,"#N/A"
51e470e3-2d45-43de-9abc-9306d19f2f25,USD,50+,"#N/A",25.0,51.0,4.0,"#N/A",ed1aab55-e2ed-4de4-9bc0-e477aa1cd175,"#N/A"
521b4720-5c8d-4308-81f0-ce332f619766,USD,1001 to 2000,0.0,66.0,1001.0,4.0,"#N/A",8c11daa2-81e5-4fa3-b56c-e261b4765911,2001.0
5222a4c3-1111-4f4d-bacc-69471304f833,GBP,501 to 1000,0.0,33.0,501.0,3.0,"#N/A",5bd91d3c-1ecc-41d6-a024-281275bf1b6e,1001.0
53aee4cf-2322-40b5-917d-7e08627e81b6,USD,2,"#N/A",15.0,6.0,2.0,"#N/A",6f4de37f-9090-46fe-a0b6-179bfe97f852,"#N/A"
542ccf4a-4ee7-4670-b67c-27e646db7137,USD,Up to 250,0.0,0.0,0.0,1.0,"#N/A",5ad53bac-5f8e-41dd-8922-b40282a9167f,250.0
5488265a-0e45-477d-8d0f-b24e1c8afa9f,USD,2001+,0.0,70.0,2001.0,5.0,"#N/A",79110b7e-63cc-4797-8816-47ec28659349,"#N/A"
561f16a2-daed-4751-9d88-5553be8d7da3,GBP,250 to 500,0.0,10.0,250.0,2.0,"#N/A",ddf49b5d-144a-4751-a4ab-15af97947801,501.0
5714545e-51c0-47e5-b80c-950fb0bc8ec8,USD,250 to 500,0.0,10.0,250.0,2.0,"#N/A",8c11daa2-81e5-4fa3-b56c-e261b4765911,501.0
57a4b3b9-fbb5-4fbc-b681-2d9f89dc92f9,AUD,501 to 1000,0.0,33.0,501.0,3.0,"#N/A",ddf49b5d-144a-4751-a4ab-15af97947801,1001.0
5981ca40-735f-4bdb-8d7f-67a692e7e1fa,USD,1,"#N/A",5.0,1.0,1.0,"#N/A",6f4de37f-9090-46fe-a0b6-179bfe97f852,6.0
5a1ef0e5-6bae-4278-a2c6-0103b8de39ed,USD,250 to 500,0.0,12.0,250.0,2.0,"#N/A",79110b7e-63cc-4797-8816-47ec28659349,501.0
5bb86d56-5228-4db0-985f-a5806662231a,USD,10-24,"#N/A",10.0,10.0,3.0,"#N/A",547125d2-3c1e-4bf9-a564-b4a16f6c0271,25.0
5c130b00-2e52-43d5-a41e-dbfe83d87c96,AUD,Minimum Tier,0.0,0.0,0.0,1.0,"#N/A",ddf49b5d-144a-4751-a4ab-15af97947801,250.0
5c2d5c5f-d631-4bcc-80d1-c39feb11a294,USD,100+,"#N/A",20.0,100.0,5.0,"#N/A",547125d2-3c1e-4bf9-a564-b4a16f6c0271,"#N/A"
5c3e06e0-5ac3-4563-9c21-d2cfefa21bdd,USD,Tier 1,0.0,100.0,0.0,1.0,"#N/A",cfbf7a81-65ce-4fb3-99a3-6bbc6ea8ac84,2.0
5eda4ec9-40eb-4119-bfcc-9e71f9adc896,USD,Included,0.0,100.0,0.0,1.0,"#N/A",6a7f166e-9485-4b87-a78b-f574270251fb,1000.0
5fd33cae-d0f3-43a0-9772-fde54213ecb6,AUD,Tier 2,0.0,10.0,2000.0,3.0,"#N/A",2895b29d-d0a0-4266-98ee-5dd6c1b99d96,5000.0
60c8bdbd-0f4b-4ec6-bcd8-fc5c9be3a834,USD,1001 to 2000,-322.05,66.0,1001.0,4.0,"#N/A",ddf49b5d-144a-4751-a4ab-15af97947801,2001.0
618bac4a-4aa2-47c3-92ca-1703fd1a5468,USD,351-500,"#N/A",12.5,351.0,5.0,"#N/A",f59ec8fe-ff07-414e-af3c-ab751dbb7125,501.0
63849c61-d920-4eaa-8b0d-9af5139ce094,USD,151-250,"#N/A",7.5,151.0,3.0,"#N/A",f59ec8fe-ff07-414e-af3c-ab751dbb7125,251.0
63c74268-6076-415f-be63-7d2bac9c4b96,USD,501 to 1000,0.0,33.0,501.0,3.0,"#N/A",8c11daa2-81e5-4fa3-b56c-e261b4765911,1001.0
63f8aa56-a469-460f-b40a-cf40ea61553c,USD,Tier 3,"#N/A",20.0,5000.0,4.0,"#N/A",6a7f166e-9485-4b87-a78b-f574270251fb,10000.0
6515699c-ea78-4124-a3d9-ea002fa814b4,GBP,Up to 250,0.0,0.0,0.0,1.0,"#N/A",5bd91d3c-1ecc-41d6-a024-281275bf1b6e,1.0
6837a162-5606-49cb-a671-c912f1165db1,AUD,1001 to 2000,0.0,66.0,1001.0,4.0,"#N/A",5bd91d3c-1ecc-41d6-a024-281275bf1b6e,2001.0
6c39fa06-a130-4e46-92d4-4628573ad5bd,USD,PLatform,0.0,100.0,0.0,1.0,"#N/A",2895b29d-d0a0-4266-98ee-5dd6c1b99d96,1000.0
6e49d191-b03f-4cca-bc74-f652157a9313,GBP,Tier 4,0.0,25.0,10000.0,5.0,"#N/A",2895b29d-d0a0-4266-98ee-5dd6c1b99d96,"#N/A"
7058098b-db13-4477-84e9-768cb9ff85ee,USD,11 - 25,"#N/A",15.0,11.0,3.0,"#N/A",f85afbf0-8443-47a3-9d39-b7a2a630e1c4,26.0
732fa8e0-0eba-4f1d-9171-932522b54a4a,EUR,2001+,0.0,70.0,2001.0,5.0,"#N/A",ddf49b5d-144a-4751-a4ab-15af97947801,"#N/A"
74253ec5-e9f2-45bb-ba67-535fe71d0ebf,USD,Tier 1,0.0,0.0,1000.0,2.0,"#N/A",8fdc549f-65a4-4516-9c82-801d54748b25,2000.0
7813ae23-d31f-4b46-8770-c77519dad425,USD,Up to 250,0.0,0.0,0.0,1.0,"#N/A",8c11daa2-81e5-4fa3-b56c-e261b4765911,250.0
7a97c3f6-6b5a-4d1e-8809-d2572b00280e,USD,Minimum Tier,-292.05,0.0,0.0,1.0,"#N/A",ddf49b5d-144a-4751-a4ab-15af97947801,250.0
8191bfbf-8ba7-42f5-bc2d-78311814236c,EUR,2001+,0.0,70.0,2001.0,5.0,"#N/A",5bd91d3c-1ecc-41d6-a024-281275bf1b6e,"#N/A"
820045a3-597a-41a5-9f3c-fddd7be5088d,USD,501 to 1000,0.0,33.0,501.0,3.0,"#N/A",0e0a5306-fab3-46c1-902c-2c54f6b64055,1001.0
84357ef7-206d-4645-a915-1bb26e46ef77,USD,1001 to 2000,0.0,66.0,1001.0,4.0,"#N/A",5ad53bac-5f8e-41dd-8922-b40282a9167f,2001.0
852c20c4-3867-4302-a40b-e5c6d6db4a67,GBP,2001+,0.0,70.0,2001.0,5.0,"#N/A",ddf49b5d-144a-4751-a4ab-15af97947801,"#N/A"
85ebbad2-7683-48d9-8dae-4e268e123c56,EUR,Tier 3,0.0,20.0,5000.0,4.0,"#N/A",2895b29d-d0a0-4266-98ee-5dd6c1b99d96,10000.0
8d4db93f-a75a-49c5-8ee6-b684bea478ee,USD,250 to 500,0.0,10.0,250.0,2.0,"#N/A",5ad53bac-5f8e-41dd-8922-b40282a9167f,501.0
8f03e2fb-1b05-4207-a95d-7514e8202632,USD,1-10,"#N/A",15.0,1.0,1.0,"#N/A",ed1aab55-e2ed-4de4-9bc0-e477aa1cd175,11.0
9301547f-1922-4080-a800-13131d8c75d7,USD,2001+,0.0,70.0,2001.0,5.0,"#N/A",8c11daa2-81e5-4fa3-b56c-e261b4765911,"#N/A"
930d1336-34a8-4034-819c-5a433b35d8fb,AUD,Tier 3,0.0,20.0,5000.0,4.0,"#N/A",2895b29d-d0a0-4266-98ee-5dd6c1b99d96,10000.0
93ef4444-c904-4368-9db3-fdc85933ecb4,USD,Tier 1,0.0,0.0,1000.0,2.0,"#N/A",0dc28f3e-bc57-4e8f-90e3-a0d70cf19a67,2000.0
950e055b-32b2-4ea7-a585-d53e88016f15,USD,Tier 2,"#N/A",0.0,2.0,2.0,"#N/A",9e0bfaba-8d8f-46e5-a874-143798c546fd,999999.0
96533edd-60db-4c38-b26a-4c3de8e4e59f,USD,Tier 2,"#N/A",0.0,2.0,2.0,"#N/A",a8ba119c-3b14-4d88-9a0d-79b20d53a5f4,9999999.0
9826c85c-9a5a-46c4-8d6e-e3e575ba6cb9,EUR,Tier 1,0.0,0.0,1000.0,2.0,"#N/A",2895b29d-d0a0-4266-98ee-5dd6c1b99d96,2000.0
9af3b164-298f-4efa-a180-defc75212755,USD,5 - 10,"#N/A",10.0,5.0,2.0,"#N/A",f85afbf0-8443-47a3-9d39-b7a2a630e1c4,11.0
9bd4c25d-7a44-4008-b96b-f3ff0f5fadd8,USD,Up to 250,0.0,0.0,0.0,1.0,"#N/A",698029ba-2312-4ca7-8008-69dbab91a73b,250.0
9c477111-3237-4af2-a09b-7b7335316230,USD,Tier 1,0.0,0.0,1000.0,2.0,"#N/A",b2ddcf2c-1063-4b2f-9412-6f1f995db6cb,2000.0
9c4bee84-6f30-417d-bccc-ce5c7d273715,GBP,Minimum Tier,0.0,0.0,0.0,1.0,"#N/A",ddf49b5d-144a-4751-a4ab-15af97947801,250.0
9f0e17f2-e88f-4020-ac74-5df485a8aa46,USD,Tier 4,"#N/A",25.0,10000.0,5.0,"#N/A",6a7f166e-9485-4b87-a78b-f574270251fb,"#N/A"
9fa208c1-d3cd-499e-b516-5c41789d33af,EUR,501 to 1000,0.0,33.0,501.0,3.0,"#N/A",5bd91d3c-1ecc-41d6-a024-281275bf1b6e,1001.0
a08b54e5-e349-40e4-91ee-7b76cd6c4230,USD,1001 to 2000,0.0,66.0,1001.0,4.0,"#N/A",698029ba-2312-4ca7-8008-69dbab91a73b,2001.0
a213ad7a-8009-4a72-b1ed-64503e00f408,USD,26+,"#N/A",25.0,26.0,4.0,"#N/A",f85afbf0-8443-47a3-9d39-b7a2a630e1c4,"#N/A"
a5c7edff-f6c7-4fae-a9eb-d6b173fc8009,GBP,501 to 1000,0.0,33.0,501.0,3.0,"#N/A",ddf49b5d-144a-4751-a4ab-15af97947801,1001.0
a8de9a04-7733-4945-833b-70fca562111d,USD,1 - 4,"#N/A",0.0,0.0,1.0,"#N/A",f85afbf0-8443-47a3-9d39-b7a2a630e1c4,5.0
ab305105-568b-474e-b748-8850d1bcee0c,EUR,PLatform,0.0,100.0,0.0,1.0,"#N/A",2895b29d-d0a0-4266-98ee-5dd6c1b99d96,1000.0
aef4d892-e8f7-4f72-826b-f2d7786503f6,EUR,250 to 500,0.0,10.0,250.0,2.0,"#N/A",ddf49b5d-144a-4751-a4ab-15af97947801,501.0
afd9db84-7fae-4c0f-afc8-3807e92a5f81,AUD,250 to 500,0.0,10.0,250.0,2.0,"#N/A",ddf49b5d-144a-4751-a4ab-15af97947801,501.0
b10f298c-f5a4-44e8-b97a-e16be6895c50,USD,1 - 15 Units,"#N/A",0.0,1.0,1.0,"#N/A",64da79b7-edd4-4ad2-848e-04a60b1c63b8,16.0
b12113b7-eabe-4174-9e83-2f0cffa4ab89,USD,Tier 2,"#N/A",10.0,2000.0,3.0,"#N/A",6a7f166e-9485-4b87-a78b-f574270251fb,5000.0
b2afdfda-ec9b-4abd-ba1c-4f96331d27bd,AUD,250 to 500,0.0,10.0,1.0,2.0,"#N/A",5bd91d3c-1ecc-41d6-a024-281275bf1b6e,501.0
b354fe5c-3b25-4aa7-be52-f37ab1c907c6,USD,Tier 3,"#N/A",20.0,5000.0,4.0,"#N/A",b2ddcf2c-1063-4b2f-9412-6f1f995db6cb,10000.0
b4d13e67-22f7-4cf4-b39a-d5c1798854aa,AUD,Tier 1,0.0,0.0,1000.0,2.0,"#N/A",2895b29d-d0a0-4266-98ee-5dd6c1b99d96,2000.0
b5e60d33-4468-40b7-a186-8d2b4d099820,USD,2,"#N/A",15.0,6.0,2.0,"#N/A",496146d4-0cee-4ee2-a028-a4c8173276b2,"#N/A"
b6929bb7-4e2f-4315-8510-1cf95ac09b86,GBP,250 to 500,0.0,10.0,1.0,2.0,"#N/A",5bd91d3c-1ecc-41d6-a024-281275bf1b6e,501.0
b8e9876d-1baa-4a79-8d2a-3617de0acc90,USD,Tier 2,0.0,0.0,5.0,2.0,"#N/A",cfbf7a81-65ce-4fb3-99a3-6bbc6ea8ac84,9999999.0
baadb23c-574c-4ef7-9bc5-2d89909c5587,EUR,1001 to 2000,0.0,66.0,1001.0,4.0,"#N/A",5bd91d3c-1ecc-41d6-a024-281275bf1b6e,2001.0
be8107ef-4c0c-44a4-be77-5dfb8a2d8857,USD,250 to 500,"#N/A",10.0,250.0,2.0,"#N/A",deea2258-7609-49f7-8571-89504f03627b,501.0
bf7321f7-4c7f-4fa3-a87e-2d1823010c25,USD,250 to 500,0.0,10.0,250.0,2.0,"#N/A",0e0a5306-fab3-46c1-902c-2c54f6b64055,501.0
bfa31040-a8f5-4f49-83ca-578f55921bb9,USD,25-99,"#N/A",15.0,25.0,4.0,"#N/A",547125d2-3c1e-4bf9-a564-b4a16f6c0271,100.0
c0b06663-f880-4d40-b109-0a3f97b1979d,USD,Up to 250,0.0,0.0,0.0,1.0,"#N/A",79110b7e-63cc-4797-8816-47ec28659349,250.0
c21c9b37-ee7c-4ac5-8b15-2998b23b3058,GBP,1001 to 2000,0.0,66.0,1001.0,4.0,"#N/A",5bd91d3c-1ecc-41d6-a024-281275bf1b6e,2001.0
c221461b-c428-41e7-8020-1d04b8731d63,AUD,2001+,0.0,70.0,2001.0,5.0,"#N/A",ddf49b5d-144a-4751-a4ab-15af97947801,"#N/A"
c5a556ab-0062-42f2-920e-66122f5dd97b,USD,4 Year,"#N/A",15.0,37.0,4.0,"#N/A",0748028b-2d3e-4bb6-82ea-4ff023351f1f,49.0
c6e4ccc6-a0eb-44b7-a27d-55ef2a0ce431,USD,0-75,"#N/A",0.0,0.0,1.0,"#N/A",f59ec8fe-ff07-414e-af3c-ab751dbb7125,76.0
c7f8349c-17ff-44cc-9a1f-69ee47e351eb,EUR,Minimum Tier,0.0,0.0,0.0,1.0,"#N/A",ddf49b5d-144a-4751-a4ab-15af97947801,250.0
ca99ed5f-665f-463d-8908-c4c5cef9b5d1,USD,Tier 1,"#N/A",100.0,0.0,1.0,"#N/A",a8ba119c-3b14-4d88-9a0d-79b20d53a5f4,2.0
cf145fbf-f579-4940-8f48-f832c9bf701d,USD,11-25,"#N/A",10.0,11.0,2.0,"#N/A",ed1aab55-e2ed-4de4-9bc0-e477aa1cd175,26.0
d16cfa64-e759-4af6-a620-add28d057a08,USD,26-50,"#N/A",20.0,26.0,3.0,"#N/A",ed1aab55-e2ed-4de4-9bc0-e477aa1cd175,51.0
d2a40d5c-5fd7-4451-8a5b-1dbb237ab8a5,USD,3-9,"#N/A",5.0,3.0,2.0,"#N/A",547125d2-3c1e-4bf9-a564-b4a16f6c0271,10.0
d39ac86d-8b2b-4a3c-84c9-4f6e6b087f01,USD,Tier 1,"#N/A",100.0,0.0,1.0,"#N/A",9e0bfaba-8d8f-46e5-a874-143798c546fd,2.0
d7bdf376-fa71-4db0-9892-8a5267139728,GBP,1001 to 2000,0.0,66.0,1001.0,4.0,"#N/A",ddf49b5d-144a-4751-a4ab-15af97947801,2001.0
d7f2e138-79d9-4676-a61f-43717e03b5a5,GBP,2001+,0.0,70.0,2001.0,5.0,"#N/A",5bd91d3c-1ecc-41d6-a024-281275bf1b6e,"#N/A"
da4676ad-8f61-44a6-bda7-5f10ae2b4b66,USD,1001 to 2000,0.0,66.0,1001.0,4.0,"#N/A",0e0a5306-fab3-46c1-902c-2c54f6b64055,2001.0
daac08f1-cfa9-4e6a-b450-d60eb6f061ca,USD,250 to 500,"#N/A",10.0,250.0,2.0,"#N/A",5bcdbed8-735c-4dea-98c4-af90b31f327e,501.0
dbad2462-64b2-4822-8639-da12b310bbdb,USD,1000+,"#N/A",20.0,1001.0,7.0,"#N/A",f59ec8fe-ff07-414e-af3c-ab751dbb7125,"#N/A"
dc235409-7c2d-4e1f-b622-ce599c1ba9b6,USD,250 to 500,"#N/A",10.0,250.0,2.0,"#N/A",95ed080c-d717-4147-a04f-12c5ce3f77ae,501.0
dc924c5c-5fa9-406f-a008-6b4aa4f633f0,USD,Tier 2,"#N/A",10.0,2000.0,3.0,"#N/A",8fdc549f-65a4-4516-9c82-801d54748b25,5000.0
dd29b3ce-cdf3-4d79-88fa-71a135747155,EUR,1001 to 2000,0.0,66.0,1001.0,4.0,"#N/A",ddf49b5d-144a-4751-a4ab-15af97947801,2001.0
df8a0db0-0bb6-47b8-b263-49650196ae15,USD,501 to 1000,"#N/A",33.0,501.0,3.0,"#N/A",95ed080c-d717-4147-a04f-12c5ce3f77ae,1001.0
e087c075-1a92-48cc-8e7b-09ded9485f27,USD,Tier 4,"#N/A",25.0,10000.0,5.0,"#N/A",8fdc549f-65a4-4516-9c82-801d54748b25,"#N/A"
e0917ed5-c5d0-4e3b-8393-109dabe2f3fa,USD,501 to 1000,"#N/A",33.0,501.0,3.0,"#N/A",deea2258-7609-49f7-8571-89504f03627b,1001.0
e1b29428-1213-4a5c-bd41-57781041027f,USD,251-350,"#N/A",10.0,251.0,4.0,"#N/A",f59ec8fe-ff07-414e-af3c-ab751dbb7125,351.0
e28407fb-0a6e-492c-aecb-b49dbb65fba4,AUD,1001 to 2000,0.0,66.0,1001.0,4.0,"#N/A",ddf49b5d-144a-4751-a4ab-15af97947801,2001.0
e6fafb5c-f8ab-4794-a458-6057fca8c2e8,USD,501 to 1000,"#N/A",33.0,501.0,3.0,"#N/A",5bcdbed8-735c-4dea-98c4-af90b31f327e,1001.0
e7d485af-7d97-4d47-84b9-689ee175311d,USD,2001+,"#N/A",70.0,2001.0,5.0,"#N/A",5bcdbed8-735c-4dea-98c4-af90b31f327e,"#N/A"
e813b9b2-4282-44ff-b852-a965d7e197e7,USD,1-2,"#N/A",0.0,0.0,1.0,"#N/A",547125d2-3c1e-4bf9-a564-b4a16f6c0271,3.0
eea0e3e1-8124-4145-9119-67fa27ccc42a,AUD,PLatform,0.0,100.0,0.0,1.0,"#N/A",2895b29d-d0a0-4266-98ee-5dd6c1b99d96,1000.0
eecae229-5186-4128-ae74-1f05230ae748,USD,2001+,"#N/A",70.0,2001.0,5.0,"#N/A",deea2258-7609-49f7-8571-89504f03627b,"#N/A"
f094e5b0-835b-4238-a3ea-33eb8122b835,AUD,Tier 4,0.0,25.0,10000.0,5.0,"#N/A",2895b29d-d0a0-4266-98ee-5dd6c1b99d96,"#N/A"
f3b3f54f-4b03-4eb6-8614-5c9c23e7e895,EUR,Tier 4,0.0,25.0,10000.0,5.0,"#N/A",2895b29d-d0a0-4266-98ee-5dd6c1b99d96,"#N/A"
f59db89c-e3b7-4016-aea8-a2f629c7f262,USD,1001 to 2000,"#N/A",66.0,1001.0,4.0,"#N/A",95ed080c-d717-4147-a04f-12c5ce3f77ae,2001.0
f7f59cb4-8470-4e7f-8014-1288893ea429,USD,Tier 4,"#N/A",25.0,10000.0,5.0,"#N/A",0dc28f3e-bc57-4e8f-90e3-a0d70cf19a67,"#N/A"
f807f0a0-08d1-49df-a4e5-2fc2c95b2174,USD,2001+,0.0,70.0,2001.0,5.0,"#N/A",0e0a5306-fab3-46c1-902c-2c54f6b64055,"#N/A"
f8dd67e1-baec-401f-a4c5-0c66ab95ee33,USD,Included,0.0,100.0,0.0,1.0,"#N/A",b2ddcf2c-1063-4b2f-9412-6f1f995db6cb,1000.0
f9a4a4b4-5e6a-4949-b336-c7f7da4cfe92,USD,2001+,7.01,70.0,2001.0,5.0,"#N/A",5bd91d3c-1ecc-41d6-a024-281275bf1b6e,"#N/A"
fa146b8e-4497-4357-960d-e80b4f2bc1b2,USD,1001 to 2000,6.890000000000001,66.0,1001.0,4.0,"#N/A",5bd91d3c-1ecc-41d6-a024-281275bf1b6e,2001.0
fa462b49-db77-4faa-9150-37524e3834e4,USD,15 - 50 Units,"#N/A",10.0,16.0,2.0,"#N/A",64da79b7-edd4-4ad2-848e-04a60b1c63b8,51.0
fb779a0f-71b8-4b7e-bc0c-0696fbd33037,USD,76-150,"#N/A",5.0,76.0,2.0,"#N/A",f59ec8fe-ff07-414e-af3c-ab751dbb7125,151.0
fd5f21cc-0266-47f0-8dcc-50663185488c,GBP,Tier 1,0.0,0.0,1000.0,2.0,"#N/A",2895b29d-d0a0-4266-98ee-5dd6c1b99d96,2000.0
fdab2413-fee8-4dc5-8da2-0b79785d96a3,AUD,Up to 250,0.0,0.0,0.0,1.0,"#N/A",5bd91d3c-1ecc-41d6-a024-281275bf1b6e,1.0
